node_id,latitude,longitude,road_name,lanes,road_class,speed_limit,base_capacity,q_demand,road_importance,total_violations,weighted_capacity_reduction,total_pcu,police_station,commercial_density,transit_density,dining_density,corporate_density,vulnerability_index,predicted_risk,stgat_risk,xgboost_risk,cluster_id
node_outer_ring_road_orr_0,13.035,77.597,Outer Ring Road ORR,4,Arterial Highway Corridor,60.0,4000.0,3900.0,3.0,13915,4011.15,10090.9,Kodigehalli,0.3005318768550766,0.8330320603143271,0.3977544773287153,0.5003198352258679,0.6373425313884966,0.51512194,0.50516844,0.49129266,-1
node_outer_ring_road_orr_1,13.034083333333331,77.59883333333333,Outer Ring Road ORR,4,Arterial Highway Corridor,60.0,4000.0,3900.0,3.0,384,118.4,284.5,R.T. Nagar,0.2974086367286093,0.8237231015373228,0.3934515054569961,0.4946827948056104,0.6314456051979127,0.4910834,0.49443394,0.4821115,-1
node_outer_ring_road_orr_2,13.033166666666666,77.60066666666665,Outer Ring Road ORR,4,Arterial Highway Corridor,60.0,4000.0,3900.0,3.0,49,19.35,43.5,R.T. Nagar,0.287707272187521,0.796027618095901,0.3804028856866314,0.4779922359653862,0.6137136828510396,0.476652,0.48656222,0.46660674,-1
node_outer_ring_road_orr_3,13.03225,77.60249999999999,Outer Ring Road ORR,4,Arterial Highway Corridor,60.0,4000.0,3900.0,3.0,23,9.15,22.7,R.T. Nagar,0.2720996625821498,0.751821360264199,0.3595015816731493,0.4513759861030494,0.58535460785319,0.4540242,0.46394122,0.44021168,-1
node_outer_ring_road_orr_4,13.031333333333333,77.60433333333333,Outer Ring Road ORR,4,Arterial Highway Corridor,60.0,4000.0,3900.0,3.0,77,21.8,59.3,R.T. Nagar,0.2516200855481154,0.6939960793782906,0.3321233603711148,0.4165731254315237,0.5482297715390547,0.42772844,0.43482417,0.4151255,-1
node_outer_ring_road_orr_5,13.030416666666666,77.60616666666667,Outer Ring Road ORR,4,Arterial Highway Corridor,60.0,4000.0,3900.0,3.0,96,40.65,94.4,R.T. Nagar,0.2275530021088441,0.6261475075113075,0.2999781393569549,0.3757466627462895,0.5046530467056741,0.3942051,0.4005092,0.40260744,-1
node_outer_ring_road_orr_6,13.0295,77.608,Outer Ring Road ORR,4,Arterial Highway Corridor,60.0,4000.0,3900.0,3.0,46,21.45,45.5,Hebbala,0.2013012048995573,0.5522073108360853,0.2649349912630203,0.3312625234858138,0.4571538676588995,0.35699263,0.361449,0.35574266,-1
node_outer_ring_road_orr_7,13.028583333333334,77.60983333333333,Outer Ring Road ORR,4,Arterial Highway Corridor,60.0,4000.0,3900.0,3.0,22,9.95,23.0,Hennuru,0.1742531868069795,0.4760712035136099,0.228845762597072,0.285466213648793,0.4082381417948888,0.32051542,0.3239785,0.30350837,-1
node_outer_ring_road_orr_8,13.027666666666669,77.61166666666666,Outer Ring Road ORR,4,Arterial Highway Corridor,60.0,4000.0,3900.0,3.0,32,15.0,33.8,Hennuru,0.1476670954436566,0.4012714613644597,0.1933903389911167,0.2404861661633935,0.3601781005380018,0.2831187,0.2859161,0.23086838,-1
node_outer_ring_road_orr_9,13.02675,77.6135,Outer Ring Road ORR,4,Arterial Highway Corridor,60.0,4000.0,3900.0,3.0,8,3.1,8.0,Hennuru,0.1225843157614323,0.3307303020041123,0.159960917558101,0.1980857152124766,0.3148545669854017,0.24616912,0.2443652,0.19286086,-1
node_outer_ring_road_orr_10,13.025833333333331,77.61533333333333,Outer Ring Road ORR,4,Arterial Highway Corridor,60.0,4000.0,3900.0,3.0,19,7.899999999999999,18.5,K.G. Halli,0.0997796819260986,0.2666140622894705,0.1295946937666851,0.1595757124831102,0.2736644118523016,0.21570617,0.21255517,0.17407753,-1
node_outer_ring_road_orr_11,13.024916666666666,77.61716666666666,Outer Ring Road ORR,4,Arterial Highway Corridor,60.0,4000.0,3900.0,3.0,106,45.6,106.9,K.G. Halli,0.0797489030560267,0.2102905031288517,0.1029559032342727,0.1257892133957719,0.2374945767472117,0.18733409,0.18160053,0.14697058,-1
node_outer_ring_road_orr_12,13.024,77.619,Outer Ring Road ORR,4,Arterial Highway Corridor,60.0,4000.0,3900.0,3.0,449,127.3,338.3,Pulikeshinagar(F.Town),0.0627282339309656,0.162376320217625,0.0803608104858661,0.0971104681675602,0.2067541691933329,0.16313665,0.15846391,0.13065372,-1
node_outer_ring_road_orr_13,13.0235,77.621,Outer Ring Road ORR,4,Arterial Highway Corridor,60.0,4000.0,3900.0,3.0,375,191.05,395.2,K.G. Halli,0.0483507064686063,0.1230141315795405,0.0616014592024531,0.0736781708075437,0.1813344637236143,0.14639099,0.14047998,0.1191496,-1
node_outer_ring_road_orr_14,13.023,77.623,Outer Ring Road ORR,4,Arterial Highway Corridor,60.0,4000.0,3900.0,3.0,163,76.85,151.2,K.G. Halli,0.0367585984822919,0.0912367385985176,0.0465381636126263,0.0548468190386662,0.1608464893070186,0.12911996,0.12378899,0.1088271,-1
node_outer_ring_road_orr_15,13.0225,77.625,Outer Ring Road ORR,4,Arterial Highway Corridor,60.0,4000.0,3900.0,3.0,181,66.9,149.7,Pulikeshinagar(F.Town),0.027730800464735,0.0663360392939835,0.0348609968251814,0.0401935015411258,0.1448519889159015,0.11536835,0.109284416,0.10108021,-1
node_outer_ring_road_orr_16,13.022,77.627,Outer Ring Road ORR,4,Arterial Highway Corridor,60.0,4000.0,3900.0,3.0,70,23.4,57.4,K.G. Halli,0.020965202891696,0.0473951341151187,0.0261554502813962,0.0291692276151777,0.1327748765691922,0.10677685,0.100787655,0.093160816,-1
node_outer_ring_road_orr_17,13.0215,77.629,Outer Ring Road ORR,4,Arterial Highway Corridor,60.0,4000.0,3900.0,3.0,88,33.25,82.9,Banaswadi,0.0161220446347388,0.0334167526720798,0.0199607898637652,0.0211752162364168,0.1239822808765108,0.10070731,0.09412275,0.08870337,-1
node_outer_ring_road_orr_18,13.021,77.631,Outer Ring Road ORR,4,Arterial Highway Corridor,60.0,4000.0,3900.0,3.0,83,29.3,76.7,Pulikeshinagar(F.Town),0.0128571157064796,0.0234219482524282,0.0158145141520729,0.0156211502366994,0.1178466569123955,0.09623545,0.08957692,0.08624563,-1
node_outer_ring_road_orr_19,13.0205,77.633,Outer Ring Road ORR,4,Arterial Highway Corridor,60.0,4000.0,3900.0,3.0,14,5.4,12.0,Hennuru,0.0108441269115185,0.0165165527171484,0.0132820237496078,0.0119640621154133,0.1137875133271545,0.09305806,0.08655304,0.084211744,-1
node_outer_ring_road_orr_20,13.02,77.635,Outer Ring Road ORR,4,Arterial Highway Corridor,60.0,4000.0,3900.0,3.0,18,4.15,11.5,Banaswadi,0.0097873860545533,0.0119280126794304,0.0119730774120046,0.0097296418314314,0.1112946109116119,0.0916892,0.084916666,0.082996145,-1
node_outer_ring_road_orr_21,13.0195,77.637,Outer Ring Road ORR,4,Arterial Highway Corridor,60.0,4000.0,3900.0,3.0,189,44.4,118.7,Banaswadi,0.009427015802432,0.0090183725705025,0.0115480874098952,0.0085196516878721,0.1099364989527296,0.09072413,0.08345216,0.082996145,-1
node_outer_ring_road_orr_22,13.019,77.639,Outer Ring Road ORR,4,Arterial Highway Corridor,60.0,4000.0,3900.0,3.0,135,43.45,104.4,Banaswadi,0.0095393279386595,0.0072804182938136,0.0117178162974925,0.0080098433695841,0.1093590123061917,0.09070102,0.083410956,0.082996145,-1
node_outer_ring_road_orr_23,13.0185,77.641,Outer Ring Road ORR,4,Arterial Highway Corridor,60.0,4000.0,3900.0,3.0,33,13.1,28.5,Banaswadi,0.0099347703348524,0.0063237540401256,0.0122397682950369,0.0079425429525313,0.1092781134645108,0.090605035,0.08331625,0.082996145,-1
node_outer_ring_road_orr_24,13.018,77.643,Outer Ring Road ORR,4,Arterial Highway Corridor,60.0,4000.0,3900.0,3.0,29,11.0,26.0,Banaswadi,0.010455286435294,0.0058563974206538,0.0129137923830717,0.008117238665829,0.1094705857501085,0.09071181,0.083501264,0.082996145,-1
node_outer_ring_road_orr_25,13.017,77.64481818181818,Outer Ring Road ORR,4,Arterial Highway Corridor,60.0,4000.0,3900.0,3.0,13,3.55,9.0,Banaswadi,0.0122440685514353,0.0062611043005678,0.0151481045782422,0.0093260623506002,0.1108730810586201,0.091218404,0.08422046,0.082996145,-1
node_outer_ring_road_orr_26,13.016,77.64663636363636,Outer Ring Road ORR,4,Arterial Highway Corridor,60.0,4000.0,3900.0,3.0,6,3.05,6.5,Banaswadi,0.0142008792221617,0.0069150646175303,0.0175925305042933,0.0107232141197315,0.1124884351111933,0.09279546,0.086305894,0.083476625,-1
node_outer_ring_road_orr_27,13.015,77.64845454545454,Outer Ring Road ORR,4,Arterial Highway Corridor,60.0,4000.0,3900.0,3.0,6,3.05,6.5,Banaswadi,0.0162043192112153,0.0076956559162092,0.0200941740452145,0.0121915532686316,0.1141844982491019,0.09336671,0.08681465,0.084419884,-1
node_outer_ring_road_orr_28,13.014,77.65027272727272,Outer Ring Road ORR,4,Arterial Highway Corridor,60.0,4000.0,3900.0,3.0,4,1.8,5.0,Banaswadi,0.0181285893432617,0.0085024357160095,0.0224957240513643,0.0136204641701996,0.1158349600213554,0.09529099,0.08849543,0.08624563,-1
node_outer_ring_road_orr_29,13.013,77.6520909090909,Outer Ring Road ORR,4,Arterial Highway Corridor,60.0,4000.0,3900.0,3.0,76,29.3,65.7,Hennuru,0.0198486232889829,0.0092514249263859,0.0246414519404735,0.0149063921025865,0.1173205825414159,0.09622156,0.08967573,0.08624563,-1
node_outer_ring_road_orr_30,13.012,77.6539090909091,Outer Ring Road ORR,4,Arterial Highway Corridor,60.0,4000.0,3900.0,3.0,23,5.6,15.0,Hennuru,0.0212480971069882,0.0098730698892603,0.0263868834597259,0.0159564900764444,0.1185338806645946,0.09646812,0.08962406,0.08647176,-1
node_outer_ring_road_orr_31,13.011,77.65572727272728,Outer Ring Road ORR,4,Arterial Highway Corridor,60.0,4000.0,3900.0,3.0,2,0.3,1.0,Banaswadi,0.0222288049107977,0.0103126775919978,0.0276102537752696,0.0166940463954253,0.1193857318140838,0.09682146,0.0900047,0.08676503,-1
node_outer_ring_road_orr_32,13.01,77.65754545454546,Outer Ring Road ORR,4,Arterial Highway Corridor,60.0,4000.0,3900.0,3.0,18,7.55,19.0,Banaswadi,0.0227196628271063,0.0105320330640462,0.028223569480157,0.0170641949214838,0.1198122063962116,0.09767233,0.09142819,0.08676503,-1
node_outer_ring_road_orr_33,13.009,77.65936363636364,Outer Ring Road ORR,4,Arterial Highway Corridor,60.0,4000.0,3900.0,3.0,21,6.3,15.0,Banaswadi,0.0226836674607032,0.0105110137827752,0.0281811805965832,0.0170384848686174,0.1197799948027378,0.0983453,0.0925002,0.08676503,-1
node_outer_ring_road_orr_34,13.008,77.66118181818182,Outer Ring Road ORR,4,Arterial Highway Corridor,60.0,4000.0,3900.0,3.0,71,32.85,67.0,Banaswadi,0.0221214902809132,0.0102482742017257,0.0274842088075678,0.0166171891033149,0.119289153555041,0.096669376,0.08982865,0.08676503,-1
node_outer_ring_road_orr_35,13.007,77.663,Outer Ring Road ORR,4,Arterial Highway Corridor,60.0,4000.0,3900.0,3.0,133,47.4,110.9,Banaswadi,0.0210709771287748,0.0097604343551942,0.0261799112480059,0.0158287061583769,0.1183724409999372,0.09680456,0.09021514,0.08647176,-1
node_outer_ring_road_orr_36,13.0065,77.66499999999999,Outer Ring Road ORR,4,Arterial Highway Corridor,60.0,4000.0,3900.0,3.0,376,92.45,256.7,Banaswadi,0.0177129860013333,0.0082043685025795,0.0220082204399401,0.0133064415755183,0.1154425101582325,0.09553518,0.08907212,0.08624563,-1
node_outer_ring_road_orr_37,13.006,77.667,Outer Ring Road ORR,4,Arterial Highway Corridor,60.0,4000.0,3900.0,3.0,409,75.2,231.2,Banaswadi,0.0145472860683768,0.0067377415533003,0.018075115006518,0.0109283590423462,0.112680374557093,0.092820056,0.0859567,0.083476625,-1
node_outer_ring_road_orr_38,13.0055,77.669,Outer Ring Road ORR,4,Arterial Highway Corridor,60.0,4000.0,3900.0,3.0,127,63.65,156.2,Mahadevapura,0.0116721396907662,0.0054058815980476,0.0145028444215265,0.0087684095897007,0.1101717567194146,0.09068907,0.0832275,0.082996145,-1
node_outer_ring_road_orr_39,13.005,77.67099999999999,Outer Ring Road ORR,4,Arterial Highway Corridor,60.0,4000.0,3900.0,3.0,1369,610.3,1681.7,Mahadevapura,0.0091494304538722,0.004237355404915,0.0113683890800438,0.0068731612311532,0.1079706470091535,0.09090717,0.08231265,0.08247476,-1
node_outer_ring_road_orr_40,13.0045,77.673,Outer Ring Road ORR,4,Arterial Highway Corridor,60.0,4000.0,3900.0,3.0,89,48.85,121.0,Banaswadi,0.0070066486515669,0.0032448467943364,0.0087059550140955,0.0052633102236012,0.1061010304205827,0.08843166,0.080720544,0.081962354,-1
node_outer_ring_road_orr_41,13.004,77.675,Outer Ring Road ORR,4,Arterial Highway Corridor,60.0,4000.0,3900.0,3.0,8,4.2,9.0,Banaswadi,0.0052420025307866,0.0024275017005492,0.0065133417620958,0.0039375344457146,0.1045613439808444,0.087458,0.079748236,0.081962354,-1
node_outer_ring_road_orr_42,13.00275,77.67675,Outer Ring Road ORR,4,Arterial Highway Corridor,60.0,4000.0,3900.0,3.0,255,100.35,267.8,Banaswadi,0.0044631106592607,0.0020667391979625,0.0055455493817844,0.0033523588149043,0.1038817476286984,0.087598786,0.07941547,0.081962354,-1
node_outer_ring_road_orr_43,13.0015,77.6785,Outer Ring Road ORR,4,Arterial Highway Corridor,60.0,4000.0,3900.0,3.0,1485,618.75,1559.5,Mahadevapura,0.0037047214827205,0.0017154803831674,0.0046032275955243,0.0027825931401744,0.1032200424595562,0.08799137,0.079047635,0.081962354,-1
node_outer_ring_road_orr_44,13.00025,77.68025,Outer Ring Road ORR,4,Arterial Highway Corridor,60.0,4000.0,3900.0,3.0,293,97.2,244.0,K.R. Pura,0.0029981396828503,0.0013882278112173,0.0037252749248361,0.002251772365135,0.1026035455936632,0.08653117,0.07812174,0.08179687,-1
node_outer_ring_road_orr_45,12.999,77.682,Outer Ring Road ORR,4,Arterial Highway Corridor,60.0,4000.0,3900.0,3.0,779,282.5,670.5,K.R. Pura,0.0023655477921127,0.001095266193804,0.002939253867382,0.0017765944854931,0.1020516189599905,0.08640566,0.07821403,0.08179687,-1
node_outer_ring_road_orr_46,12.99775,77.68375,Outer Ring Road ORR,4,Arterial Highway Corridor,60.0,4000.0,3900.0,3.0,159,65.9,158.0,K.R. Pura,0.001819759522621,0.0008425550413577,0.0022610838846476,0.0013667551476187,0.1015754585986116,0.086589284,0.077808656,0.08208987,-1
node_outer_ring_road_orr_47,12.9965,77.68549999999999,Outer Ring Road ORR,4,Arterial Highway Corridor,60.0,4000.0,3900.0,3.0,1284,477.3,1169.0,K.R. Pura,0.0013650868073625,0.0006321448379709,0.001696117325515,0.0010256392331442,0.1011788604527258,0.08721714,0.077359,0.08208987,-1
node_outer_ring_road_orr_48,12.99525,77.68724999999999,Outer Ring Road ORR,4,Arterial Highway Corridor,60.0,4000.0,3900.0,3.0,2244,735.6999999999999,1921.9,K.R. Pura,0.0009989957511294,0.0004629729692249,0.0012411940046741,0.000751643658484,0.10085968346728,0.08785107,0.07772927,0.088285595,-1
node_outer_ring_road_orr_49,12.994,77.689,Outer Ring Road ORR,4,Arterial Highway Corridor,60.0,4000.0,3900.0,3.0,143,49.45,126.5,Mahadevapura,0.0007141961148508,0.0003318866412644,0.0008872316124615,0.0005398965295834,0.1006117073743407,0.086155936,0.07728258,0.08179687,-1
node_outer_ring_road_orr_50,12.99275,77.69075,Outer Ring Road ORR,4,Arterial Highway Corridor,60.0,4000.0,3900.0,3.0,218,75.35,187.8,Mahadevapura,0.0005008601705287,0.0002347719269321,0.000621971887872,0.0003841983153087,0.1004266323580136,0.08605627,0.077550665,0.08179687,-1
node_outer_ring_road_orr_51,12.9915,77.6925,Outer Ring Road ORR,4,Arterial Highway Corridor,60.0,4000.0,3900.0,3.0,688,232.9,659.4,Mahadevapura,0.0003487777849946,0.0001677317408537,0.0004326391169794,0.0002791271859321,0.1002960723451872,0.086704746,0.077712454,0.08179687,-1
node_outer_ring_road_orr_52,12.99025,77.69425,Outer Ring Road ORR,4,Arterial Highway Corridor,60.0,4000.0,3900.0,3.0,218,90.95,215.7,Mahadevapura,0.000249398123875,0.0001283391810892,0.0003084440202618,0.0002224048646603,0.1002135296752922,0.0882738,0.0813816,0.08179687,-1
node_outer_ring_road_orr_53,12.989,77.696,Outer Ring Road ORR,4,Arterial Highway Corridor,60.0,4000.0,3900.0,3.0,0,0.0,0.0,Unknown,0.0001978584457842,0.0001170842715176,0.0002430501982902,0.0002177917933273,0.1001764837168735,0.089399286,0.083492175,0.08179687,-1
node_outer_ring_road_orr_54,12.9869375,77.6963125,Outer Ring Road ORR,4,Arterial Highway Corridor,60.0,4000.0,3900.0,3.0,0,0.0,0.0,Unknown,0.0002205619081353,0.0001369000086274,0.0002702621170177,0.0002599927273282,0.1002021336516566,0.08921731,0.0834808,0.08179687,-1
node_outer_ring_road_orr_55,12.984875,77.696625,Outer Ring Road ORR,4,Arterial Highway Corridor,60.0,4000.0,3900.0,3.0,6,2.4,5.0,Mahadevapura,0.0002446046626718,0.0001595495408996,0.0002989006397696,0.0003091841034309,0.1002303422499053,0.08583871,0.07770653,0.08179687,-1
node_outer_ring_road_orr_56,12.9828125,77.69693749999999,Outer Ring Road ORR,4,Arterial Highway Corridor,60.0,4000.0,3900.0,3.0,3,1.7,4.0,Mahadevapura,0.0002702434420902,0.0001852439449666,0.0003292748793688,0.0003658079814147,0.1002613913985868,0.08587392,0.07774221,0.08179687,-1
node_outer_ring_road_orr_57,12.98075,77.69725,Outer Ring Road ORR,4,Arterial Highway Corridor,60.0,4000.0,3900.0,3.0,153,93.6,202.5,Mahadevapura,0.0002976287624638,0.00021398667067,0.000361578972239,0.0004297982953522,0.1002953708114173,0.08591188,0.07772927,0.08179687,-1
node_outer_ring_road_orr_58,12.9786875,77.6975625,Outer Ring Road ORR,4,Arterial Highway Corridor,60.0,4000.0,3900.0,3.0,311,152.75,333.7,Mahadevapura,0.0003266859619452,0.0002454790671537,0.0003957484898099,0.0005003850248485,0.1003320495046237,0.08603661,0.077768,0.08179687,-1
node_outer_ring_road_orr_59,12.976625,77.697875,Outer Ring Road ORR,4,Arterial Highway Corridor,60.0,4000.0,3900.0,3.0,16,8.1,18.0,Mahadevapura,0.0003570074400608,0.0002790463544786,0.0004313291296654,0.0005759480314669,0.1003707666275735,0.085868485,0.077715024,0.08179687,-1
node_outer_ring_road_orr_60,12.9745625,77.69818749999999,Outer Ring Road ORR,4,Arterial Highway Corridor,60.0,4000.0,3900.0,3.0,47,28.0,62.0,Mahadevapura,0.0003877816001136,0.0003136036389994,0.0004673885386878,0.000653960771318,0.1004103687896574,0.085860394,0.07774179,0.08179687,-1
node_outer_ring_road_orr_61,12.9725,77.6985,Outer Ring Road ORR,4,Arterial Highway Corridor,60.0,4000.0,3900.0,3.0,103,68.0,150.5,Mahadevapura,0.000417780617671,0.0003476777414902,0.0005024981641941,0.0007310554350002,0.1004492166542891,0.08599092,0.077714555,0.08179687,-1
node_outer_ring_road_orr_62,12.9704375,77.6988125,Outer Ring Road ORR,4,Arterial Highway Corridor,60.0,4000.0,3900.0,3.0,364,183.7,392.7,HAL Old Airport,0.0004454202743874,0.0003794925705125,0.0005348014115825,0.000803223788741,0.1004852733566763,0.086052805,0.07778677,0.08179687,-1
node_outer_ring_road_orr_63,12.968375,77.699125,Outer Ring Road ORR,4,Arterial Highway Corridor,60.0,4000.0,3900.0,3.0,337,154.5,338.6,HAL Old Airport,0.0004688921138045,0.0004071147185321,0.0005621687966946,0.0008661446056889,0.1005162728080583,0.08616236,0.07772715,0.08179687,-1
node_outer_ring_road_orr_64,12.9663125,77.69943749999999,Outer Ring Road ORR,4,Arterial Highway Corridor,60.0,4000.0,3900.0,3.0,35,19.2,42.5,HAL Old Airport,0.0004863536858411,0.0004286440133489,0.0005824233384928,0.0009156035403463,0.1005399500195195,0.08593635,0.07772509,0.08179687,-1
node_outer_ring_road_orr_65,12.96425,77.69975,Outer Ring Road ORR,4,Arterial Highway Corridor,60.0,4000.0,3900.0,3.0,287,106.35,253.9,HAL Old Airport,0.0004961498608099,0.0004424235473956,0.0005936040109037,0.0009479501001106,0.100554301729617,0.08595914,0.07774852,0.08179687,-1
node_outer_ring_road_orr_66,12.9621875,77.7000625,Outer Ring Road ORR,4,Arterial Highway Corridor,60.0,4000.0,3900.0,3.0,1076,463.8,1106.0,HAL Old Airport,0.0004970301522301,0.0004472377129455,0.0005942253243407,0.0009605241893104,0.1005578371780847,0.086319156,0.07770088,0.08179687,-1
node_outer_ring_road_orr_67,12.960125,77.700375,Outer Ring Road ORR,4,Arterial Highway Corridor,60.0,4000.0,3900.0,3.0,553,250.65,570.7,HAL Old Airport,0.0004883257576551,0.000442466661561,0.0005834895296878,0.000951985020617,0.100549778083532,0.085973665,0.077368066,0.08208987,-1
node_outer_ring_road_orr_68,12.9580625,77.70068749999999,Outer Ring Road ORR,4,Arterial Highway Corridor,60.0,4000.0,3900.0,3.0,840,249.95,645.0,HAL Old Airport,0.0004700561232778,0.0004281717443319,0.0005614151570007,0.0009224887300127,0.100530174283965,0.08627524,0.07876273,0.08208987,-1
node_outer_ring_road_orr_69,12.956,77.701,Outer Ring Road ORR,4,Arterial Highway Corridor,60.0,4000.0,3900.0,3.0,1464,655.9499999999999,1558.8,HAL Old Airport,0.0004429470470029,0.0004050977700647,0.0005288601674786,0.0008736854139212,0.1004999156846072,0.08698587,0.07743634,0.08179687,-1
node_outer_ring_road_orr_70,12.9541,77.69999999999999,Outer Ring Road ORR,4,Arterial Highway Corridor,60.0,4000.0,3900.0,3.0,22,11.3,23.5,HAL Old Airport,0.0002964270909878,0.0002689086270923,0.0003541384457025,0.0005788794222663,0.1003291646755983,0.0859773,0.0787474,0.08179687,-1
node_outer_ring_road_orr_71,12.9522,77.699,Outer Ring Road ORR,4,Arterial Highway Corridor,60.0,4000.0,3900.0,3.0,364,226.4,561.8,HAL Old Airport,0.0001952993062192,0.0001748727265344,0.0002335531199431,0.0003752987715992,0.1002112889955583,0.08602529,0.07771166,0.08179687,-1
node_outer_ring_road_orr_72,12.9503,77.698,Outer Ring Road ORR,4,Arterial Highway Corridor,60.0,4000.0,3900.0,3.0,587,334.2,766.9,HAL Old Airport,0.000127393345499,0.0001117391819277,0.0001525860591861,0.0002386210011062,0.1001321443247926,0.08608006,0.07772363,0.08179687,-1
node_outer_ring_road_orr_73,12.9484,77.697,Outer Ring Road ORR,4,Arterial Highway Corridor,60.0,4000.0,3900.0,3.0,135,59.3,128.5,HAL Old Airport,8.295765298457409e-05,7.04876134871291e-05,9.960631556029126e-05,0.0001493417584233,0.100080394141832,0.08581562,0.077669986,0.08179687,-1
node_outer_ring_road_orr_74,12.9465,77.696,Outer Ring Road ORR,4,Arterial Highway Corridor,60.0,4000.0,3900.0,3.0,168,92.9,204.7,HAL Old Airport,5.4549843758771154e-05,4.4224158246178906e-05,6.573999630271848e-05,9.254830007243074e-05,0.1000473807100757,0.08585814,0.07767948,0.08179687,-1
node_outer_ring_road_orr_75,12.9446,77.695,Outer Ring Road ORR,4,Arterial Highway Corridor,60.0,4000.0,3900.0,3.0,240,123.75,276.7,HAL Old Airport,3.674413989189293e-05,2.790922757588428e-05,4.4521859365832384e-05,5.7329692538652896e-05,0.1000267840021413,0.085989796,0.0776361,0.08179687,-1
node_outer_ring_road_orr_76,12.9427,77.694,Outer Ring Road ORR,4,Arterial Highway Corridor,60.0,4000.0,3900.0,3.0,190,75.25,180.3,HAL Old Airport,2.5759659607855947e-05,1.8013314260901558e-05,3.145239703451091e-05,3.6032103944529934e-05,0.1000141894092855,0.08651722,0.077590235,0.08179687,-1
node_outer_ring_road_orr_77,12.9408,77.693,Outer Ring Road ORR,4,Arterial Highway Corridor,60.0,4000.0,3900.0,3.0,1931,854.3,1984.1,HAL Old Airport,1.908314906395493e-05,1.2168968683506664e-05,2.354812857784649e-05,2.350653711725885e-05,0.1000066498095252,0.08717783,0.07761775,0.08179687,-1
node_outer_ring_road_orr_78,12.9389,77.69200000000001,Outer Ring Road ORR,4,Arterial Highway Corridor,60.0,4000.0,3900.0,3.0,77,41.25,100.5,HAL Old Airport,1.513038183715862e-05,8.859699473878752e-06,1.8937774474029875e-05,1.64371107697541e-05,0.1000022932975809,0.08668817,0.07758373,0.08179687,-1
node_outer_ring_road_orr_79,12.937,77.691,Outer Ring Road ORR,4,Arterial Highway Corridor,60.0,4000.0,3900.0,3.0,927,418.45,989.7,HAL Old Airport,1.2966539806267784e-05,7.164315369600533e-06,1.652843352220154e-05,1.27898767855855e-05,0.1,0.08621336,0.0776721,0.08179687,-1
node_outer_ring_road_orr_80,12.935833333333331,77.68916666666667,Outer Ring Road ORR,4,Arterial Highway Corridor,60.0,4000.0,3900.0,3.0,6246,1278.2,3756.8,HAL Old Airport,1.6882824708563328e-05,9.01808865382792e-06,2.198211672858544e-05,1.5414022180717663e-05,0.1000035287665327,0.09110214,0.07761897,0.08179687,-1
node_outer_ring_road_orr_81,12.934666666666669,77.68733333333334,Outer Ring Road ORR,4,Arterial Highway Corridor,60.0,4000.0,3900.0,3.0,704,286.45,764.8,HAL Old Airport,2.4253478618539383e-05,1.328833123136631e-05,3.215644512730804e-05,2.246947118531501e-05,0.1000106599170997,0.08592203,0.07762505,0.08179687,-1
node_outer_ring_road_orr_82,12.9335,77.6855,Outer Ring Road ORR,4,Arterial Highway Corridor,60.0,4000.0,3900.0,3.0,227,94.55,218.9,HAL Old Airport,3.662446813025864e-05,2.092273949767002e-05,4.934140079345677e-05,3.546045596762858e-05,0.1000229455189672,0.08598861,0.07764594,0.08179687,-1
node_outer_ring_road_orr_83,12.932333333333332,77.68366666666667,Outer Ring Road ORR,4,Arterial Highway Corridor,60.0,4000.0,3900.0,3.0,931,402.85,971.5,HAL Old Airport,5.697291860148382e-05,3.3870101395673405e-05,7.78225624247409e-05,5.769829115373484e-05,0.1000434359132377,0.08659728,0.07763996,0.08179687,-1
node_outer_ring_road_orr_84,12.931166666666666,77.68183333333334,Outer Ring Road ORR,4,Arterial Highway Corridor,60.0,4000.0,3900.0,3.0,28,13.1,30.0,HAL Old Airport,9.026371422934089e-05,5.542218925256087e-05,0.0001246915950215,9.485482182504826e-05,0.1000772369075217,0.085965194,0.07768828,0.08179687,-1
node_outer_ring_road_orr_85,12.93,77.68,Outer Ring Road ORR,4,Arterial Highway Corridor,60.0,4000.0,3900.0,3.0,127,66.35,153.5,Bellandur,0.0001442623091269,9.073681673223064e-05,0.000201009145383,0.0001558479808091,0.1001323357358816,0.08590421,0.07769962,0.08179687,-1
node_outer_ring_road_orr_86,12.928571428571429,77.67857142857143,Outer Ring Road ORR,4,Arterial Highway Corridor,60.0,4000.0,3900.0,3.0,880,486.55,1095.4,Bellandur,0.0002022026911954,0.0001294175036533,0.0002835966054748,0.0002228601889823,0.1001920663786802,0.08627982,0.07770806,0.08179687,-1
node_outer_ring_road_orr_87,12.927142857142856,77.67714285714287,Outer Ring Road ORR,4,Arterial Highway Corridor,60.0,4000.0,3900.0,3.0,346,168.04999999999998,392.4,Bellandur,0.0002828980143096,0.0001832113426212,0.0003985457660259,0.0003160376789344,0.1002751941830935,0.08597185,0.077696815,0.08179687,-1
node_outer_ring_road_orr_88,12.925714285714283,77.67571428571429,Outer Ring Road ORR,4,Arterial Highway Corridor,60.0,4000.0,3900.0,3.0,336,148.5,348.8,Bellandur,0.0003924103310597,0.0002561069345689,0.0005544453830921,0.0004422753622096,0.100387923258392,0.086002834,0.077733636,0.08179687,-1
node_outer_ring_road_orr_89,12.924285714285714,77.67428571428572,Outer Ring Road ORR,4,Arterial Highway Corridor,60.0,4000.0,3900.0,3.0,76,25.0,63.1,Bellandur,0.0005370726295765,0.0003522732052386,0.0007602688945044,0.0006087807687682,0.1005367364028556,0.0860147,0.077704705,0.08179687,-1
node_outer_ring_road_orr_90,12.922857142857143,77.67285714285714,Outer Ring Road ORR,4,Arterial Highway Corridor,60.0,4000.0,3900.0,3.0,65,24.2,58.0,Bellandur,0.0007229368590324,0.0004756961263932,0.0010245922500269,0.0008224457181335,0.1007278300710879,0.08603556,0.07781325,0.08208987,-1
node_outer_ring_road_orr_91,12.92142857142857,77.67142857142858,Outer Ring Road ORR,4,Arterial Highway Corridor,60.0,4000.0,3900.0,3.0,42,24.3,53.0,Bellandur,0.0009550426198064,0.000629696658581,0.0013545565439546,0.0010890125310683,0.1009663651099806,0.092298485,0.08872642,0.08179687,-1
node_outer_ring_road_orr_92,12.92,77.67,Outer Ring Road ORR,4,Arterial Highway Corridor,60.0,4000.0,3900.0,3.0,37,14.2,35.6,Bellandur,0.0012365493308964,0.0008163582289899,0.0017546361628328,0.0014120836914112,0.1012555771660766,0.093830734,0.09120315,0.08179687,0
node_outer_ring_road_orr_93,12.9202,77.6679,Outer Ring Road ORR,4,Arterial Highway Corridor,60.0,4000.0,3900.0,3.0,0,0.0,0.0,Unknown,0.0021060602610921,0.0013909558919029,0.0029887271564477,0.0024061047054844,0.1021473919641445,0.0939345,0.091352895,0.08179687,-1
node_outer_ring_road_orr_94,12.9204,77.6658,Outer Ring Road ORR,4,Arterial Highway Corridor,60.0,4000.0,3900.0,3.0,0,0.0,0.0,Unknown,0.0035006309141884,0.0023127052025882,0.0049681911608833,0.0040007230140218,0.1035778722874211,0.094220065,0.09159931,0.081962354,-1
node_outer_ring_road_orr_95,12.9206,77.6637,Outer Ring Road ORR,4,Arterial Highway Corridor,60.0,4000.0,3900.0,3.0,0,0.0,0.0,Unknown,0.0056786502663121,0.0037525180239087,0.0080599015212646,0.006491646974044,0.1058121597277033,0.09470141,0.09204351,0.081962354,-1
node_outer_ring_road_orr_96,12.9208,77.6616,Outer Ring Road ORR,4,Arterial Highway Corridor,60.0,4000.0,3900.0,3.0,0,0.0,0.0,Unknown,0.0089901846345359,0.0059419704857937,0.0127609211050622,0.0102795511413376,0.1092094877476786,0.095757365,0.092624724,0.082996145,-1
node_outer_ring_road_orr_97,12.921,77.65950000000001,Outer Ring Road ORR,4,Arterial Highway Corridor,60.0,4000.0,3900.0,3.0,0,0.0,0.0,Unknown,0.0138904275110982,0.0091822098492876,0.0197176083976145,0.0158854893712333,0.1142369911022363,0.09692283,0.09348958,0.084419884,-1
node_outer_ring_road_orr_98,12.9212,77.6574,Outer Ring Road ORR,4,Arterial Highway Corridor,60.0,4000.0,3900.0,3.0,0,0.0,0.0,Unknown,0.0209451682852984,0.0138475817243674,0.029733391138869,0.023957173026731,0.1214753251606379,0.099624425,0.09477032,0.086805046,-1
node_outer_ring_road_orr_99,12.9214,77.6553,Outer Ring Road ORR,4,Arterial Highway Corridor,60.0,4000.0,3900.0,3.0,0,0.0,0.0,Unknown,0.030822701861334,0.0203802858387692,0.0437572855832779,0.0352597262307031,0.1316103696318502,0.10710987,0.10230898,0.09155949,-1
node_outer_ring_road_orr_100,12.9216,77.6532,Outer Ring Road ORR,4,Arterial Highway Corridor,60.0,4000.0,3900.0,3.0,46,10.35,28.5,HSR Layout,0.0442663315274967,0.0292721897476671,0.0628448561947972,0.0506442206090441,0.1454050141484758,0.117806375,0.11266877,0.10096441,-1
node_outer_ring_road_orr_101,12.9218,77.6511,Outer Ring Road ORR,4,Arterial Highway Corridor,60.0,4000.0,3900.0,3.0,145,51.95,118.0,HSR Layout,0.0620425813880977,0.0410305674880205,0.0880846792574842,0.070988395148118,0.1636460123121469,0.13238618,0.12716396,0.109056726,-1
node_outer_ring_road_orr_102,12.922,77.649,Outer Ring Road ORR,4,Arterial Highway Corridor,60.0,4000.0,3900.0,3.0,20,5.45,13.5,HSR Layout,0.0848628153984246,0.0561262378507758,0.120487038693775,0.097106921513021,0.1870635394692603,0.15035348,0.14653812,0.12155869,-1
node_outer_ring_road_orr_103,12.920285714285717,77.64785714285715,Outer Ring Road ORR,4,Arterial Highway Corridor,60.0,4000.0,3900.0,3.0,0,0.0,0.0,Unknown,0.0875927670040467,0.0579419944614453,0.124372113392803,0.1002510423642933,0.1898725992469137,0.15132073,0.14612585,0.12444204,-1
node_outer_ring_road_orr_104,12.918571428571427,77.64671428571428,Outer Ring Road ORR,4,Arterial Highway Corridor,60.0,4000.0,3900.0,3.0,95,36.8,81.5,HSR Layout,0.0883501242716471,0.058449130822362,0.1254529512020221,0.1011300413935791,0.1906545324732069,0.14994249,0.14385661,0.12444204,-1
node_outer_ring_road_orr_105,12.916857142857143,77.64557142857143,Outer Ring Road ORR,4,Arterial Highway Corridor,60.0,4000.0,3900.0,3.0,66,15.85,41.5,HSR Layout,0.0870747601979784,0.0576090217724928,0.1236451980615237,0.0996773786956616,0.1893485268004508,0.15103336,0.1456594,0.12328242,-1
node_outer_ring_road_orr_106,12.915142857142856,77.64442857142858,Outer Ring Road ORR,4,Arterial Highway Corridor,60.0,4000.0,3900.0,3.0,27,11.05,23.5,HSR Layout,0.0838491652096007,0.0554770662739598,0.1190667133521699,0.0959891143126858,0.1860398729059466,0.14674981,0.14041501,0.12094329,-1
node_outer_ring_road_orr_107,12.913428571428572,77.64328571428572,Outer Ring Road ORR,4,Arterial Highway Corridor,60.0,4000.0,3900.0,3.0,109,37.3,85.2,HSR Layout,0.0788881656140279,0.0521959707539101,0.112023044974183,0.0903123082249287,0.1809494789450748,0.14398354,0.13964573,0.11658076,-1
node_outer_ring_road_orr_108,12.911714285714286,77.64214285714286,Outer Ring Road ORR,4,Arterial Highway Corridor,60.0,4000.0,3900.0,3.0,69,20.85,50.0,HSR Layout,0.0725142088604623,0.0479794704029377,0.1029723974343261,0.0830168724051982,0.1744085627504012,0.14058375,0.1340559,0.11658076,-1
node_outer_ring_road_orr_109,12.91,77.641,Outer Ring Road ORR,4,Arterial Highway Corridor,60.0,4000.0,3900.0,3.0,143,75.6,173.4,HSR Layout,0.0651220144069972,0.0430889996189274,0.0924754853780651,0.0745552193691722,0.1668224186838523,0.13354523,0.1267421,0.11075508,-1
node_outer_ring_road_orr_110,12.9107,77.6391,Outer Ring Road ORR,4,Arterial Highway Corridor,60.0,4000.0,3900.0,3.0,56,19.6,45.5,HSR Layout,0.0843030688540085,0.0557800604214195,0.11971333661846,0.0965140151099097,0.1865076996021654,0.14654498,0.14024763,0.12094329,-1
node_outer_ring_road_orr_111,12.9114,77.6372,Outer Ring Road ORR,4,Arterial Highway Corridor,60.0,4000.0,3900.0,3.0,789,202.65,518.5,HSR Layout,0.1067063778113631,0.0706032611760723,0.1515268808022689,0.1221619802277095,0.2095000158236092,0.16709773,0.1603008,0.13675153,-1
node_outer_ring_road_orr_112,12.9121,77.6353,Outer Ring Road ORR,4,Arterial Highway Corridor,60.0,4000.0,3900.0,3.0,561,137.8,364.7,HSR Layout,0.1320589774270474,0.0873779590080011,0.1875285075080179,0.151186549658553,0.2355192088928013,0.18630739,0.1802942,0.14764155,-1
node_outer_ring_road_orr_113,12.9128,77.63340000000001,Outer Ring Road ORR,4,Arterial Highway Corridor,60.0,4000.0,3900.0,3.0,613,145.25,392.2,HSR Layout,0.1597995835057247,0.105732751490063,0.2269211778205963,0.1829450950962998,0.2639892236108491,0.20674777,0.2031939,0.15470445,-1
node_outer_ring_road_orr_114,12.9135,77.6315,Outer Ring Road ORR,4,Arterial Highway Corridor,60.0,4000.0,3900.0,3.0,39,18.65,39.7,HSR Layout,0.189065959102187,0.1250971155852142,0.2684804859984996,0.2164504571042434,0.2940251419065243,0.23260489,0.2295519,0.18814862,-1
node_outer_ring_road_orr_115,12.9142,77.6296,Outer Ring Road ORR,4,Arterial Highway Corridor,60.0,4000.0,3900.0,3.0,4,2.4,5.0,Madiwala,0.2187162028526516,0.1447154910817004,0.3105848894492987,0.2503953117092989,0.3244550295401961,0.25637707,0.25433612,0.19914398,-1
node_outer_ring_road_orr_116,12.9149,77.6277,Outer Ring Road ORR,4,Arterial Highway Corridor,60.0,4000.0,3900.0,3.0,52,25.5,61.0,HSR Layout,0.2473879091541354,0.1636864228814978,0.351299717631274,0.2832198948391816,0.3538806506406989,0.277181,0.27402723,0.23086838,-1
node_outer_ring_road_orr_117,12.9156,77.6258,Outer Ring Road ORR,4,Arterial Highway Corridor,60.0,4000.0,3900.0,3.0,119,44.5,103.6,HSR Layout,0.2735935717890638,0.181025684704014,0.3885126473775773,0.3132212201294609,0.3807753788077986,0.29819283,0.29802886,0.26602328,-1
node_outer_ring_road_orr_118,12.9163,77.6239,Outer Ring Road ORR,4,Arterial Highway Corridor,60.0,4000.0,3900.0,3.0,26,9.75,23.7,Mico Layout,0.2958443266538416,0.1957481542126894,0.4201094200523477,0.3386947405588903,0.4036111925250945,0.3171766,0.31492022,0.30350837,-1
node_outer_ring_road_orr_119,12.917,77.622,Outer Ring Road ORR,4,Arterial Highway Corridor,60.0,4000.0,3900.0,3.0,0,0.0,0.0,Unknown,0.312788367030172,0.2069593969605361,0.4441703933423908,0.3580928074747392,0.4210007288804001,0.33084115,0.32801014,0.33016786,-1
node_old_airport_road_0,12.973,77.617,Old Airport Road,3,Arterial Highway Corridor,50.0,3000.0,2900.0,3.0,0,0.0,0.0,Unknown,0.4419491396494598,0.2848281835285813,0.4256811288338675,0.2103511728486986,0.480462668274945,0.375554,0.38054505,0.38168716,1
node_old_airport_road_1,12.972,77.6189090909091,Old Airport Road,3,Arterial Highway Corridor,50.0,3000.0,2900.0,3.0,425,117.25,306.5,Halasur,0.4151976861067032,0.2544329774569207,0.4225557645780558,0.2209522509346171,0.4613450271474826,0.3632392,0.36734325,0.37106478,1
node_old_airport_road_2,12.971,77.62081818181818,Old Airport Road,3,Arterial Highway Corridor,50.0,3000.0,2900.0,3.0,69,38.3,76.2,Halasur,0.4030870237845232,0.2342382936736803,0.4325142346036406,0.2376296996137738,0.4544432962977232,0.35707903,0.3607252,0.35574266,-1
node_old_airport_road_3,12.97,77.62272727272727,Old Airport Road,3,Arterial Highway Corridor,50.0,3000.0,2900.0,3.0,2,0.4499999999999999,1.5,Halasur,0.4033463924867395,0.2229735102589516,0.4530141454968972,0.258908130390333,0.457791323211157,0.3614466,0.3682222,0.35574266,-1
node_old_airport_road_4,12.969,77.62463636363637,Old Airport Road,3,Arterial Highway Corridor,50.0,3000.0,2900.0,3.0,102,48.75,97.3,Halasur,0.4127409769680835,0.2187779078497036,0.4805348128227178,0.2828102970351773,0.4686082144538184,0.3688087,0.37370676,0.37430626,-1
node_old_airport_road_5,12.968,77.62654545454546,Old Airport Road,3,Arterial Highway Corridor,50.0,3000.0,2900.0,3.0,30,10.95,25.0,Halasur,0.4274517262989528,0.2194367197538183,0.5109473719601798,0.3070359835960742,0.4836148910701621,0.37944853,0.38653928,0.38726833,-1
node_old_airport_road_6,12.967,77.62845454545455,Old Airport Road,3,Arterial Highway Corridor,50.0,3000.0,2900.0,3.0,54,23.05,47.5,Halasur,0.4434868238599008,0.2226254790825546,0.5399389201217079,0.329181733923465,0.4993813927797818,0.3904461,0.3973426,0.3916953,-1
node_old_airport_road_7,12.966,77.63036363636364,Old Airport Road,3,Arterial Highway Corridor,50.0,3000.0,2900.0,3.0,8,3.35,7.5,Halasur,0.4570836028414216,0.2261390211110919,0.5634471714814321,0.3469783666916163,0.5126700762501447,0.4018001,0.41189322,0.4011631,-1
node_old_airport_road_8,12.965,77.63227272727273,Old Airport Road,3,Arterial Highway Corridor,50.0,3000.0,2900.0,3.0,15,6.3,13.5,Jeevanbheemanagar,0.4650615946678606,0.2280853260108697,0.578058901305769,0.3585186436839035,0.5207405586839076,0.40550187,0.41224945,0.40437442,-1
node_old_airport_road_9,12.964,77.63418181818183,Old Airport Road,3,Arterial Highway Corridor,50.0,3000.0,2900.0,3.0,152,73.95,153.1,Jeevanbheemanagar,0.4650924090501595,0.2270289265981827,0.581327321978285,0.3624464691232219,0.5215858501903263,0.40801138,0.41402063,0.40791777,-1
node_old_airport_road_10,12.963,77.63609090909091,Old Airport Road,3,Arterial Highway Corridor,50.0,3000.0,2900.0,3.0,149,62.9,142.2,Jeevanbheemanagar,0.4558609749115107,0.222073990542912,0.5719717972520431,0.3580826299465302,0.5140763042767673,0.40086645,0.40824398,0.4011631,-1
node_old_airport_road_11,12.962,77.638,Old Airport Road,3,Arterial Highway Corridor,50.0,3000.0,2900.0,3.0,81,23.05,59.5,Halasur,0.4371053058313326,0.2128835026721023,0.5499379338961309,0.3454703747916777,0.4979988172260526,0.38952202,0.39803758,0.38786644,-1
node_old_airport_road_12,12.9622,77.64,Old Airport Road,3,Arterial Highway Corridor,50.0,3000.0,2900.0,3.0,36,19.2,41.0,Jeevanbheemanagar,0.4429610711400397,0.2135818782510844,0.5562639176002026,0.3471020348027514,0.501882771041782,0.3922835,0.39836672,0.40074456,-1
node_old_airport_road_13,12.9624,77.642,Old Airport Road,3,Arterial Highway Corridor,50.0,3000.0,2900.0,3.0,928,288.5,700.2,Jeevanbheemanagar,0.4414563182945879,0.2111341461431935,0.5534149172806379,0.3433444408080508,0.4994442281271912,0.39337274,0.39984816,0.40074456,-1
node_old_airport_road_14,12.9626,77.644,Old Airport Road,3,Arterial Highway Corridor,50.0,3000.0,2900.0,3.0,351,161.65,376.7,Jeevanbheemanagar,0.4321774721801836,0.2053490257793291,0.5409496956930998,0.3339916084611253,0.49035103736476,0.38439313,0.3880705,0.3885753,-1
node_old_airport_road_15,12.9628,77.646,Old Airport Road,3,Arterial Highway Corridor,50.0,3000.0,2900.0,3.0,654,333.0,750.0,Jeevanbheemanagar,0.4152377301746165,0.1962686698281409,0.519056258944398,0.3191895963697902,0.4747162550943753,0.3726954,0.37566575,0.38168716,-1
node_old_airport_road_16,12.963,77.648,Old Airport Road,3,Arterial Highway Corridor,50.0,3000.0,2900.0,3.0,889,370.2,864.9,Jeevanbheemanagar,0.3912732508563576,0.1841687726986433,0.4885506528795921,0.2994400222137167,0.4530970010184175,0.35621163,0.35887116,0.35574266,-1
node_old_airport_road_17,12.9632,77.64999999999999,Old Airport Road,3,Arterial Highway Corridor,50.0,3000.0,2900.0,3.0,279,86.5,220.1,Jeevanbheemanagar,0.3613808827911247,0.1695321963311367,0.4508041662438856,0.2755615787735251,0.4264429696410382,0.33562744,0.33816725,0.33016786,-1
node_old_airport_road_18,12.9634,77.652,Old Airport Road,3,Arterial Highway Corridor,50.0,3000.0,2900.0,3.0,66,22.8,59.5,Jeevanbheemanagar,0.3270065632648424,0.1529999409903527,0.4076094921058707,0.2486149876878624,0.3960020815630355,0.3119885,0.3140587,0.28828368,-1
node_old_airport_road_19,12.9636,77.654,Old Airport Road,3,Arterial Highway Corridor,50.0,3000.0,2900.0,3.0,69,26.75,62.0,Jeevanbheemanagar,0.2898008597349947,0.1353067343469081,0.3610057176667916,0.2198026576903274,0.3631972613734819,0.28793287,0.28911343,0.24806191,-1
node_old_airport_road_20,12.9638,77.656,Old Airport Road,3,Arterial Highway Corridor,50.0,3000.0,2900.0,3.0,93,34.8,86.2,Jeevanbheemanagar,0.2514623002005888,0.1172105422833028,0.3130874183948023,0.1903578345584573,0.3294920980507677,0.25959513,0.25717053,0.20032893,-1
node_old_airport_road_21,12.964,77.658,Old Airport Road,3,Arterial Highway Corridor,50.0,3000.0,2900.0,3.0,1181,333.85,839.2,Jeevanbheemanagar,0.2135894988326762,0.0994255900500189,0.2658237854454897,0.1614386790256713,0.2962635889828389,0.23629224,0.23055129,0.19093981,-1
node_old_airport_road_22,12.9636,77.6601,Old Airport Road,3,Arterial Highway Corridor,50.0,3000.0,2900.0,3.0,31,7.5,20.0,Jeevanbheemanagar,0.1679670471400452,0.0781502784022467,0.2090146896034566,0.1268865428384579,0.2563481886167201,0.20543893,0.20143802,0.15434417,-1
node_old_airport_road_23,12.9632,77.6622,Old Airport Road,3,Arterial Highway Corridor,50.0,3000.0,2900.0,3.0,9,5.2,11.5,Jeevanbheemanagar,0.1288336535926394,0.0599164658464351,0.1602967261967867,0.0972753881471726,0.2221209447607255,0.17716065,0.17294586,0.14172262,-1
node_old_airport_road_24,12.9628,77.6643,Old Airport Road,3,Arterial Highway Corridor,50.0,3000.0,2900.0,3.0,9,2.4,6.0,Jeevanbheemanagar,0.0963804158686871,0.0448058823724528,0.1199032442580479,0.0727381776115315,0.1937441150187502,0.1560141,0.15245539,0.1264524,-1
node_old_airport_road_25,12.9624,77.6664,Old Airport Road,3,Arterial Highway Corridor,50.0,3000.0,2900.0,3.0,24,8.85,19.5,Jeevanbheemanagar,0.0703229466149248,0.0326805223038289,0.087476270987111,0.0530502388817733,0.1709650932197062,0.13555782,0.13026023,0.11075508,-1
node_old_airport_road_26,12.962,77.6685,Old Airport Road,3,Arterial Highway Corridor,50.0,3000.0,2900.0,3.0,241,68.6,167.5,HAL Old Airport,0.0500437196496262,0.0232488400570346,0.0622440687310612,0.03773738467779,0.1532409918550577,0.12460722,0.119220234,0.104578756,-1
node_old_airport_road_27,12.9616,77.67060000000001,Old Airport Road,3,Arterial Highway Corridor,50.0,3000.0,2900.0,3.0,15,4.35,10.5,HAL Old Airport,0.0347330129852836,0.016131175261557,0.0431966371825794,0.0261824470754838,0.1398618267235878,0.11395129,0.109352656,0.09826759,-1
node_old_airport_road_28,12.961200000000002,77.6727,Old Airport Road,3,Arterial Highway Corridor,50.0,3000.0,2900.0,3.0,3,1.5499999999999998,3.5,Banaswadi,0.0235110634538672,0.0109163589172338,0.029237649671696,0.0177172980724789,0.1300571722438652,0.10591094,0.10074714,0.09155949,-1
node_old_airport_road_29,12.9608,77.6748,Old Airport Road,3,Arterial Highway Corridor,50.0,3000.0,2900.0,3.0,3,0.95,2.5,HAL Old Airport,0.0155215919075359,0.007204970310181,0.0193006721758116,0.0116930932824966,0.1230777429067093,0.10109533,0.09587342,0.08698502,-1
node_old_airport_road_30,12.9604,77.6769,Old Airport Road,3,Arterial Highway Corridor,50.0,3000.0,2900.0,3.0,1,0.3,1.2,Banaswadi,0.009993864376463,0.0046379675695353,0.0124262037435672,0.0075267237622507,0.1182494669283823,0.09694569,0.09143794,0.08624563,-1
node_old_airport_road_31,12.96,77.679,Old Airport Road,3,Arterial Highway Corridor,50.0,3000.0,2900.0,3.0,0,0.0,0.0,Unknown,0.0062758051811439,0.0029118911195477,0.0078027093453178,0.0047254585991464,0.1150022798208721,0.09548533,0.09082032,0.08495235,-1
node_old_airport_road_32,12.959888888888887,77.681,Old Airport Road,3,Arterial Highway Corridor,50.0,3000.0,2900.0,3.0,15,5.25,12.0,HAL Old Airport,0.0040437266882231,0.0018758410044782,0.0050270723240457,0.0030442105983557,0.113052993728409,0.09482031,0.09044943,0.083476625,-1
node_old_airport_road_33,12.95977777777778,77.683,Old Airport Road,3,Arterial Highway Corridor,50.0,3000.0,2900.0,3.0,0,0.0,0.0,Unknown,0.0025498082905147,0.0011829637469304,0.0031695505324748,0.0019202500226087,0.1117487268535212,0.094454445,0.09022903,0.082996145,-1
node_old_airport_road_34,12.959666666666667,77.685,Old Airport Road,3,Arterial Highway Corridor,50.0,3000.0,2900.0,3.0,0,0.0,0.0,Unknown,0.0015746114396457,0.0007313909520459,0.0019570635207714,0.0011884049054245,0.110897804230535,0.09432744,0.090089925,0.082996145,-1
node_old_airport_road_35,12.959555555555555,77.687,Old Airport Road,3,Arterial Highway Corridor,50.0,3000.0,2900.0,3.0,5,1.65,4.0,HAL Old Airport,0.0009547517041242,0.000445579867627,0.0011863187605705,0.0007264708785359,0.1103577132509575,0.09421865,0.08999188,0.082996145,-1
node_old_airport_road_36,12.959444444444443,77.68900000000001,Old Airport Road,3,Arterial Highway Corridor,50.0,3000.0,2900.0,3.0,0,0.0,0.0,Unknown,0.0005732236040127,0.0002719082232127,0.0007117151111199,0.0004481960994892,0.1100266999468506,0.09415764,0.089939274,0.082996145,-1
node_old_airport_road_37,12.959333333333332,77.691,Old Airport Road,3,Arterial Highway Corridor,50.0,3000.0,2900.0,3.0,8,2.75,7.0,HAL Old Airport,0.0003499292720054,0.0001744802245308,0.0004335099555907,0.0002967182033272,0.1098356197696863,0.09413471,0.089904234,0.082996145,-1
node_old_airport_road_38,12.959222222222222,77.693,Old Airport Road,3,Arterial Highway Corridor,50.0,3000.0,2900.0,3.0,16,6.6,16.0,HAL Old Airport,0.0002335180621503,0.0001316985670563,0.000287614218613,0.0002394039505328,0.109741034280499,0.0941437,0.08988979,0.082996145,-1
node_old_airport_road_39,12.959111111111111,77.69500000000001,Old Airport Road,3,Arterial Highway Corridor,50.0,3000.0,2900.0,3.0,9,4.05,9.0,HAL Old Airport,0.000195166827323,0.0001339547004583,0.0002377859115954,0.0002647323106152,0.109720140461496,0.09412292,0.0898862,0.082996145,-1
node_old_airport_road_40,12.959,77.697,Old Airport Road,3,Arterial Highway Corridor,50.0,3000.0,2900.0,3.0,13,5.5,12.5,HAL Old Airport,0.0002245952667877,0.0001826525281876,0.00027057572328,0.0003816580639386,0.1097678384673318,0.09411871,0.08987635,0.082996145,-1
node_hosur_road_nh_44_0,12.917,77.622,Hosur Road NH 44,4,Arterial Highway Corridor,60.0,4000.0,3900.0,3.0,2297,906.25,2125.8,Jayanagara,0.312788367030172,0.2069593969605361,0.4441703933423908,0.3580928074747392,0.4210007288804001,0.33312643,0.32903215,0.33642194,-1
node_hosur_road_nh_44_1,12.915,77.62228571428571,Hosur Road NH 44,4,Arterial Highway Corridor,60.0,4000.0,3900.0,3.0,473,130.7,329.7,Mico Layout,0.2574674113350931,0.1703563350880577,0.3656134797805716,0.2947605610596082,0.364225690836862,0.2860999,0.28351906,0.24806191,-1
node_hosur_road_nh_44_2,12.913,77.62257142857143,Hosur Road NH 44,4,Arterial Highway Corridor,60.0,4000.0,3900.0,3.0,42,18.2,42.0,Mico Layout,0.2072381802420349,0.1371218400266053,0.2942864584176494,0.2372564791925334,0.3126758733901021,0.2433982,0.24096794,0.18987215,-1
node_hosur_road_nh_44_3,12.911,77.62285714285714,Hosur Road NH 44,4,Arterial Highway Corridor,60.0,4000.0,3900.0,3.0,794,203.9,564.2,Mico Layout,0.1631143831718426,0.1079268616686295,0.231629107677776,0.1867416535109681,0.2673918426420053,0.21444948,0.20918201,0.17328607,-1
node_hosur_road_nh_44_4,12.909,77.62314285714285,Hosur Road NH 44,4,Arterial Highway Corridor,60.0,4000.0,3900.0,3.0,82,33.45,73.5,J.P. Nagar,0.1255420534532237,0.0830666513030737,0.1782749576534781,0.1437270343509281,0.2288314738495703,0.18069224,0.17560846,0.14410038,-1
node_hosur_road_nh_44_5,12.907,77.62342857142856,Hosur Road NH 44,4,Arterial Highway Corridor,60.0,4000.0,3900.0,3.0,280,88.6,230.2,Madiwala,0.0944844776548219,0.0625169969340526,0.1341719473714402,0.1081707738949416,0.1969571533742145,0.15987268,0.15328293,0.13131513,-1
node_hosur_road_nh_44_6,12.905,77.62371428571429,Hosur Road NH 44,4,Arterial Highway Corridor,60.0,4000.0,3900.0,3.0,297,123.2,278.9,HSR Layout,0.069535434273451,0.0460091787655161,0.098743258226414,0.0796079413139224,0.171352020756982,0.13702708,0.1311521,0.11150679,-1
node_hosur_road_nh_44_7,12.903,77.624,Hosur Road NH 44,4,Arterial Highway Corridor,60.0,4000.0,3900.0,3.0,918,241.6,635.0,Hulimavu,0.050041171943963,0.0331107032721661,0.0710605427971178,0.0572902266795807,0.1513451734001998,0.12297257,0.116035454,0.104578756,2
node_hosur_road_nh_44_8,12.90175,77.62549999999999,Hosur Road NH 44,4,Arterial Highway Corridor,60.0,4000.0,3900.0,3.0,148,51.2,123.7,HSR Layout,0.0400361208753186,0.026491145817041,0.0568528408675935,0.045836717097782,0.14107721430701,0.11325142,0.10719072,0.099820174,2
node_hosur_road_nh_44_9,12.9005,77.627,Hosur Road NH 44,4,Arterial Highway Corridor,60.0,4000.0,3900.0,3.0,69,21.8,56.6,HSR Layout,0.0313691986452048,0.0207574124458183,0.0445452323368324,0.0359159741992354,0.1321827916407391,0.10669785,0.10076643,0.093160816,2
node_hosur_road_nh_44_10,12.89925,77.6285,Hosur Road NH 44,4,Arterial Highway Corridor,60.0,4000.0,3900.0,3.0,32,14.0,32.0,HSR Layout,0.0240713596332767,0.0159303547587152,0.0341815840198,0.0275641279965505,0.1246938595393225,0.101955384,0.09525286,0.090241134,2
node_hosur_road_nh_44_11,12.898,77.63,Hosur Road NH 44,4,Arterial Highway Corridor,60.0,4000.0,3900.0,3.0,19,7.95,16.5,HSR Layout,0.0180922103683045,0.0119772837693499,0.0256901757648752,0.020724708233273,0.1185590273796481,0.09731708,0.0909054,0.08647176,2
node_hosur_road_nh_44_12,12.89675,77.63149999999999,Hosur Road NH 44,4,Arterial Highway Corridor,60.0,4000.0,3900.0,3.0,26,13.0,27.0,HSR Layout,0.0133228944698913,0.0088273028173245,0.0189161515825066,0.0152752006762022,0.1136671421950691,0.09316492,0.08651635,0.084211744,2
node_hosur_road_nh_44_13,12.8955,77.633,Hosur Road NH 44,4,Arterial Highway Corridor,60.0,4000.0,3900.0,3.0,75,40.4,83.2,HSR Layout,0.0096190276396228,0.0063867796027394,0.0136540159744672,0.0110538586767527,0.1098709755753453,0.090997964,0.08377146,0.082996145,2
node_hosur_road_nh_44_14,12.89425,77.6345,Hosur Road NH 44,4,Arterial Highway Corridor,60.0,4000.0,3900.0,3.0,70,35.35,74.5,HSR Layout,0.0068213584534618,0.0045534632851353,0.0096768642546614,0.0078841909395778,0.1070086516373194,0.08973125,0.082080446,0.0822554,2
node_hosur_road_nh_44_15,12.893,77.636,Hosur Road NH 44,4,Arterial Highway Corridor,60.0,4000.0,3900.0,3.0,337,162.1,353.5,Hulimavu,0.0047727542646865,0.0032283721898739,0.0067603450622528,0.0055956196708285,0.1049214047662779,0.08779451,0.07984444,0.081962354,2
node_hosur_road_nh_44_16,12.89125,77.637,Hosur Road NH 44,4,Arterial Highway Corridor,60.0,4000.0,3900.0,3.0,322,147.6,322.4,HSR Layout,0.0030967438122047,0.0021772863251066,0.0043662247380663,0.0037849305701302,0.1032303188614022,0.08713851,0.07912925,0.0822554,-1
node_hosur_road_nh_44_17,12.8895,77.638,Hosur Road NH 44,4,Arterial Highway Corridor,60.0,4000.0,3900.0,3.0,166,81.5,190.4,HSR Layout,0.0020975725301416,0.0016162478797817,0.0029229515273861,0.0028279611582366,0.1022550246672849,0.08644443,0.07833611,0.08179687,-1
node_hosur_road_nh_44_18,12.88775,77.639,Hosur Road NH 44,4,Arterial Highway Corridor,60.0,4000.0,3900.0,3.0,102,48.35,107.1,Hulimavu,0.0016114575682904,0.0014636031161857,0.0021914313710707,0.0025871060632818,0.1018408206330964,0.08638458,0.07813454,0.08179687,-1
node_hosur_road_nh_44_19,12.886,77.64,Hosur Road NH 44,4,Arterial Highway Corridor,60.0,4000.0,3900.0,3.0,201,104.55,240.7,Hulimavu,0.0015511974708439,0.0017023841299696,0.0020379011365047,0.0030386122709564,0.1019186241346396,0.086551964,0.07848733,0.08179687,-1
node_hosur_road_nh_44_20,12.88425,77.641,Hosur Road NH 44,4,Arterial Highway Corridor,60.0,4000.0,3900.0,3.0,281,165.2,409.6,Hulimavu,0.0019006015871623,0.0023821206630055,0.0024246773778878,0.0042764707109116,0.1025020095752504,0.08674859,0.0784732,0.08208987,-1
node_hosur_road_nh_44_21,12.8825,77.642,Hosur Road NH 44,4,Arterial Highway Corridor,60.0,4000.0,3900.0,3.0,88,59.7,144.5,Hulimavu,0.0027119866855829,0.0036237698021136,0.0034049952005992,0.006521852407974,0.1036879398231233,0.08727643,0.0794614,0.081962354,-1
node_hosur_road_nh_44_22,12.88075,77.643,Hosur Road NH 44,4,Arterial Highway Corridor,60.0,4000.0,3900.0,3.0,99,60.65,124.5,Hulimavu,0.0041067415116113,0.0056273846586818,0.0051220308143695,0.0101373813756032,0.1056610016109597,0.08846117,0.08101501,0.081962354,-1
node_hosur_road_nh_44_23,12.879,77.644,Hosur Road NH 44,4,Arterial Highway Corridor,60.0,4000.0,3900.0,3.0,89,63.55,131.4,Electronic City,0.0062779535040235,0.0086810820551822,0.0078108683991108,0.0156436461234808,0.1086997245255811,0.08986508,0.08225278,0.082996145,-1
node_hosur_road_nh_44_24,12.8774,77.6455,Hosur Road NH 44,4,Arterial Highway Corridor,60.0,4000.0,3900.0,3.0,40,28.55,62.2,Hulimavu,0.0097041996408654,0.0134622699110432,0.0120631274514109,0.0242623919302611,0.1134760637324475,0.09369423,0.087617226,0.084211744,-1
node_hosur_road_nh_44_25,12.8758,77.647,Hosur Road NH 44,4,Arterial Highway Corridor,60.0,4000.0,3900.0,3.0,208,131.7,272.9,Hulimavu,0.0146698626088384,0.0203729026446443,0.0182305045497235,0.0367185301486849,0.1203890221662717,0.098205745,0.09157754,0.086805046,-1
node_hosur_road_nh_44_26,12.8742,77.64850000000001,Hosur Road NH 44,4,Arterial Highway Corridor,60.0,4000.0,3900.0,3.0,72,51.05,108.5,Hulimavu,0.0216284578436954,0.0300474753356789,0.0268754522471452,0.0541559315891263,0.1300716386815054,0.10493479,0.09897444,0.09155949,-1
node_hosur_road_nh_44_27,12.8726,77.65,Hosur Road NH 44,4,Arterial Highway Corridor,60.0,4000.0,3900.0,3.0,2,1.4,3.0,Electronic City,0.0310713545122673,0.0431712025436249,0.0386079158495952,0.0778097585699187,0.1432086675485153,0.1156315,0.11016081,0.10108021,-1
node_hosur_road_nh_44_28,12.871,77.6515,Hosur Road NH 44,4,Arterial Highway Corridor,60.0,4000.0,3900.0,3.0,46,18.95,43.0,Electronic City,0.0434808222143579,0.0604155466370348,0.0540268044152838,0.1088903144102633,0.1604716495629415,0.1283039,0.122737885,0.1088271,-1
node_hosur_road_nh_44_29,12.8694,77.653,Hosur Road NH 44,4,Arterial Highway Corridor,60.0,4000.0,3900.0,3.0,374,106.2,277.4,Electronic City,0.059264482887506,0.0823476157559985,0.0736384284559984,0.1484197774762519,0.1824279699321941,0.14610513,0.1408231,0.11880037,-1
node_hosur_road_nh_44_30,12.8678,77.65450000000001,Hosur Road NH 44,4,Arterial Highway Corridor,60.0,4000.0,3900.0,3.0,95,42.85,96.0,Electronic City,0.0786748696271766,0.1093186745770988,0.0977564795560791,0.1970312763735068,0.2094291021699414,0.16724527,0.16233122,0.13457532,-1
node_hosur_road_nh_44_31,12.8662,77.656,Hosur Road NH 44,4,Arterial Highway Corridor,60.0,4000.0,3900.0,3.0,38,21.15,45.2,Electronic City,0.101722643315023,0.141343721221046,0.1263941591837128,0.2547518551838754,0.2414899688044173,0.1903389,0.18510926,0.14906766,-1
node_hosur_road_nh_44_32,12.8646,77.6575,Hosur Road NH 44,4,Arterial Highway Corridor,60.0,4000.0,3900.0,3.0,39,18.9,41.5,Electronic City,0.1280966582246647,0.1779905079579052,0.15916483538107,0.3208024550220655,0.2781777928973883,0.21773623,0.21330963,0.17833023,-1
node_hosur_road_nh_44_33,12.863,77.659,Hosur Road NH 44,4,Arterial Highway Corridor,60.0,4000.0,3900.0,3.0,37,11.0,28.5,Electronic City,0.1571071860750806,0.2183006986708248,0.1952114849105517,0.393455814758489,0.3185331433001987,0.25061885,0.24889927,0.19500227,-1
node_hosur_road_nh_44_34,12.861,77.65944444444445,Hosur Road NH 44,4,Arterial Highway Corridor,60.0,4000.0,3900.0,3.0,5,2.0,4.5,Electronic City,0.1910811939645377,0.2655076360529752,0.237425445985955,0.4785395737660671,0.3657929765772254,0.28670338,0.28656477,0.24806191,-1
node_hosur_road_nh_44_35,12.859,77.65988888888889,Hosur Road NH 44,4,Arterial Highway Corridor,60.0,4000.0,3900.0,3.0,1,0.7,1.5,Electronic City,0.227110518533729,0.3155704327221608,0.2821932156145331,0.5687706106270908,0.4159118723985334,0.32456428,0.32519916,0.31796402,-1
node_hosur_road_nh_44_36,12.857,77.66033333333334,Hosur Road NH 44,4,Arterial Highway Corridor,60.0,4000.0,3900.0,3.0,4,2.0,4.5,Electronic City,0.2637873465873431,0.3665329337863872,0.3277655329276057,0.6606232359192155,0.4669314821008428,0.36471084,0.3691717,0.36780506,-1
node_hosur_road_nh_44_37,12.855,77.66077777777778,Hosur Road NH 44,4,Arterial Highway Corridor,60.0,4000.0,3900.0,3.0,99,33.65,82.7,Electronic City,0.2994112299223069,0.4160323657639725,0.3720295276740859,0.7498388881987764,0.5164863837036382,0.40510443,0.4103397,0.40437442,-1
node_hosur_road_nh_44_38,12.853,77.66122222222222,Hosur Road NH 44,4,Arterial Highway Corridor,60.0,4000.0,3900.0,3.0,25,5.65,15.5,Electronic City,0.3321082267909815,0.4614648848349901,0.4126567576499262,0.8317245111336422,0.5619698151587917,0.43656197,0.4422365,0.42148325,-1
node_hosur_road_nh_44_39,12.851,77.66166666666666,Hosur Road NH 44,4,Arterial Highway Corridor,60.0,4000.0,3900.0,3.0,37,5.55,18.5,Electronic City,0.3599884863602738,0.5002045411206255,0.4472990131118327,0.9015472053558056,0.6007528837690094,0.46450773,0.4695253,0.4518712,-1
node_hosur_road_nh_44_40,12.849,77.66211111111112,Hosur Road NH 44,4,Arterial Highway Corridor,60.0,4000.0,3900.0,3.0,8,4.6,9.5,Electronic City,0.3813247728916273,0.5298513384684462,0.473810139634116,0.954981320788144,0.6304329038486028,0.48955065,0.48983356,0.4821115,-1
node_hosur_road_nh_44_41,12.847,77.66255555555556,Hosur Road NH 44,4,Arterial Highway Corridor,60.0,4000.0,3900.0,3.0,265,83.05,208.7,Electronic City,0.3947288460222167,0.5484763151684046,0.4904651971209177,0.9885501796167556,0.6490787520361695,0.5053887,0.50377655,0.4880301,-1
node_hosur_road_nh_44_42,12.845,77.663,Hosur Road NH 44,4,Arterial Highway Corridor,60.0,4000.0,3900.0,3.0,2174,627.1999999999999,1638.4,Electronic City,0.399300768783309,0.5548290076726414,0.4961459805416351,1.0,0.6554385634830246,0.50778335,0.5025338,0.49157634,-1
node_mg_road_central_commercial_0,12.978,77.571,MG Road Central Commercial,3,Central Commercial Trunk Line,40.0,2400.0,2300.0,1.8,51804,16890.9,41733.8,Malleshwaram,1.0,1.0,0.6761530660086785,0.4305348384982977,1.0,1.0,0.78993034,0.7376859,3
node_mg_road_central_commercial_1,12.976142857142856,77.57171428571428,MG Road Central Commercial,3,Central Commercial Trunk Line,40.0,2400.0,2300.0,1.8,10785,3607.6,8857.9,Upparpet,0.9931300780887684,0.9921065742038824,0.6719760723212043,0.4270638393414626,0.993579571613915,0.78894836,0.7640717,0.6733581,3
node_mg_road_central_commercial_2,12.974285714285712,77.57242857142857,MG Road Central Commercial,3,Central Commercial Trunk Line,40.0,2400.0,2300.0,1.8,10524,3636.2,8829.4,Upparpet,0.965248158552023,0.9632292349068148,0.6535810613095013,0.4145619796756797,0.9684574024755108,0.7728249,0.7536094,0.6733581,3
node_mg_road_central_commercial_3,12.972428571428573,77.57314285714286,MG Road Central Commercial,3,Central Commercial Trunk Line,40.0,2400.0,2300.0,1.8,2723,934.0,2297.0,Upparpet,0.918122796868558,0.9151987663976678,0.6221352567072447,0.3938225587042161,0.9262268158656716,0.7203277,0.71988964,0.64724815,3
node_mg_road_central_commercial_4,12.970571428571429,77.57385714285714,MG Road Central Commercial,3,Central Commercial Trunk Line,40.0,2400.0,2300.0,1.8,3888,966.45,2698.8,Upparpet,0.8546618440076527,0.8509765758400353,0.5795806447309757,0.3661255209245698,0.8694932459133833,0.68481076,0.6863785,0.63948584,3
node_mg_road_central_commercial_5,12.968714285714286,77.57457142857142,MG Road Central Commercial,3,Central Commercial Trunk Line,40.0,2400.0,2300.0,1.8,2478,727.9,2079.7,City Market,0.7786161862707974,0.7743528799118424,0.5284363374576054,0.3331073503245662,0.8016088394797669,0.62535125,0.6357397,0.58243966,3
node_mg_road_central_commercial_6,12.966857142857142,77.57528571428571,MG Road Central Commercial,3,Central Commercial Trunk Line,40.0,2400.0,2300.0,1.8,1820,685.4499999999999,1717.2,Byatarayanapura,0.6942146126406198,0.6895779585357936,0.4715535426179114,0.2966023775069216,0.726346327395365,0.57245284,0.5880952,0.5384966,3
node_mg_road_central_commercial_7,12.965,77.576,MG Road Central Commercial,3,Central Commercial Trunk Line,40.0,2400.0,2300.0,1.8,16419,4943.75,12967.9,City Market,0.6057792137714993,0.6009762695329789,0.4118563731125574,0.2584769778029209,0.6475562766339957,0.53279215,0.5200107,0.51139116,3
node_mg_road_central_commercial_8,12.965666666666667,77.57799999999999,MG Road Central Commercial,3,Central Commercial Trunk Line,40.0,2400.0,2300.0,1.8,2789,841.4499999999999,2234.6,City Market,0.6243579205091617,0.6118016870905071,0.4280117978947501,0.2626252358540881,0.6618206246577347,0.5261752,0.5292994,0.5066031,-1
node_mg_road_central_commercial_9,12.966333333333331,77.58,MG Road Central Commercial,3,Central Commercial Trunk Line,40.0,2400.0,2300.0,1.8,1515,546.1999999999999,1379.1,City Market,0.6379826262928967,0.6154866624505476,0.4418349254849443,0.2635610878923391,0.6710323470825152,0.529887,0.5350157,0.50431824,-1
node_mg_road_central_commercial_10,12.967,77.582,MG Road Central Commercial,3,Central Commercial Trunk Line,40.0,2400.0,2300.0,1.8,2676,819.4499999999999,2085.0,Halasuru Gate,0.6485769668371824,0.6139059216918966,0.454652923490297,0.2620947109511412,0.6768916119916941,0.53502476,0.5381185,0.51363933,-1
node_mg_road_central_commercial_11,12.967666666666666,77.58399999999999,MG Road Central Commercial,3,Central Commercial Trunk Line,40.0,2400.0,2300.0,1.8,2666,887.8,2234.2,Halasuru Gate,0.6582140924924919,0.6092310328417917,0.4678275386338878,0.2591769123840037,0.6812758008442616,0.5377119,0.5420425,0.51837075,-1
node_mg_road_central_commercial_12,12.968333333333334,77.586,MG Road Central Commercial,3,Central Commercial Trunk Line,40.0,2400.0,2300.0,1.8,761,305.6,721.8,Halasuru Gate,0.6687370044603551,0.6035769968239145,0.4824868951275547,0.2557500253920821,0.6859094511205852,0.53775334,0.5427991,0.5192808,-1
node_mg_road_central_commercial_13,12.969,77.588,MG Road Central Commercial,3,Central Commercial Trunk Line,40.0,2400.0,2300.0,1.8,1035,343.95,857.8,Wilson Garden,0.6814014842343897,0.5986573598676335,0.499279451352582,0.2526022513462203,0.692050343848105,0.54400456,0.5506414,0.518962,4
node_mg_road_central_commercial_14,12.96975,77.58975,MG Road Central Commercial,3,Central Commercial Trunk Line,40.0,2400.0,2300.0,1.8,205,84.5,203.5,Wilson Garden,0.7025194660397088,0.6022977397324507,0.5217482792572071,0.2531690763876086,0.7057549810811484,0.55223566,0.5608001,0.5234318,4
node_mg_road_central_commercial_15,12.9705,77.5915,MG Road Central Commercial,3,Central Commercial Trunk Line,40.0,2400.0,2300.0,1.8,552,168.85,419.1,Cubbon Park,0.7254193064665485,0.6073353075929434,0.5456464734118939,0.2543952786728167,0.7209533410406637,0.5630809,0.5726944,0.5358231,4
node_mg_road_central_commercial_16,12.97125,77.59325,MG Road Central Commercial,3,Central Commercial Trunk Line,40.0,2400.0,2300.0,1.8,653,196.8,485.2,Cubbon Park,0.7491096441776931,0.6134326571340682,0.570022325188683,0.2562189850324225,0.7369644692777501,0.5772908,0.5868546,0.54576254,4
node_mg_road_central_commercial_17,12.972,77.595,MG Road Central Commercial,3,Central Commercial Trunk Line,40.0,2400.0,2300.0,1.8,3006,588.8,1729.7,High ground,0.7720372273165627,0.6197356325001292,0.5935323414960316,0.2583757600905289,0.7526243432908087,0.5892364,0.59703076,0.5638287,4
node_mg_road_central_commercial_18,12.9725,77.597,MG Road Central Commercial,3,Central Commercial Trunk Line,40.0,2400.0,2300.0,1.8,1919,602.65,1446.2,Cubbon Park,0.7778145495245278,0.6125873494875166,0.6040220094105275,0.2554911196669016,0.754224079218471,0.590428,0.5974859,0.5638287,-1
node_mg_road_central_commercial_19,12.973,77.599,MG Road Central Commercial,3,Central Commercial Trunk Line,40.0,2400.0,2300.0,1.8,513,170.0,407.3,Cubbon Park,0.7779346304796754,0.6028601200387608,0.6095462878233273,0.2522209172751538,0.7518164237307626,0.5846648,0.5952251,0.5491532,-1
node_mg_road_central_commercial_20,12.9735,77.601,MG Road Central Commercial,3,Central Commercial Trunk Line,40.0,2400.0,2300.0,1.8,2177,491.8,1341.0,Shivajinagar,0.7705069087811468,0.5889662359087252,0.6088012930789115,0.2481158591840922,0.7438576979677292,0.5820269,0.59075737,0.54576254,-1
node_mg_road_central_commercial_21,12.974,77.603,MG Road Central Commercial,3,Central Commercial Trunk Line,40.0,2400.0,2300.0,1.8,987,362.5,846.2,Shivajinagar,0.7544442697173269,0.5697951243621057,0.6012137677176866,0.2429782568399405,0.7294397558043001,0.5699114,0.57756317,0.5362493,-1
node_mg_road_central_commercial_22,12.9745,77.605,MG Road Central Commercial,3,Central Commercial Trunk Line,40.0,2400.0,2300.0,1.8,3990,1258.55,3584.6,Shivajinagar,0.729712343297333,0.5449297292649236,0.587129513744253,0.2369613637530915,0.7085043116058068,0.5596874,0.5646516,0.53806984,-1
node_mg_road_central_commercial_23,12.975,77.607,MG Road Central Commercial,3,Central Commercial Trunk Line,40.0,2400.0,2300.0,1.8,9951,2677.45,7129.1,Shivajinagar,0.6974268115550241,0.5147489158501367,0.5678779252617525,0.2306155382088155,0.6819315394828718,0.54664385,0.5439608,0.52470255,-1
node_mg_road_central_commercial_24,12.9746,77.609,MG Road Central Commercial,3,Central Commercial Trunk Line,40.0,2400.0,2300.0,1.8,7563,2305.65,6444.9,Shivajinagar,0.6312059341792984,0.4592803131587992,0.5231669939728472,0.2165707249456199,0.6283238665034167,0.50766826,0.5026299,0.5053797,-1
node_mg_road_central_commercial_25,12.9742,77.611,MG Road Central Commercial,3,Central Commercial Trunk Line,40.0,2400.0,2300.0,1.8,1152,457.85,1038.6,Shivajinagar,0.5692268573898244,0.406463756192757,0.4835738357050634,0.206324384013741,0.5786881908828744,0.45428786,0.45430744,0.4469832,-1
node_mg_road_central_commercial_26,12.9738,77.613,MG Road Central Commercial,3,Central Commercial Trunk Line,40.0,2400.0,2300.0,1.8,773,357.5,770.7,Shivajinagar,0.51511229835182,0.3585702965340784,0.4524048555610986,0.2011946345823427,0.5359549490051725,0.42124307,0.42895585,0.40774557,-1
node_mg_road_central_commercial_27,12.9734,77.61500000000001,MG Road Central Commercial,3,Central Commercial Trunk Line,40.0,2400.0,2300.0,1.8,872,418.6,971.2,Halasur,0.4719402756358906,0.3175475393006433,0.4324463820281043,0.2022868055579025,0.5026132333992549,0.39468822,0.39885318,0.4053251,-1
node_mg_road_central_commercial_28,12.973,77.617,MG Road Central Commercial,3,Central Commercial Trunk Line,40.0,2400.0,2300.0,1.8,217,85.6,232.0,Halasur,0.4419491396494598,0.2848281835285813,0.4256811288338675,0.2103511728486986,0.480462668274945,0.37606296,0.38115218,0.38436434,1
node_mg_road_central_commercial_29,12.9738,77.6186,MG Road Central Commercial,3,Central Commercial Trunk Line,40.0,2400.0,2300.0,1.8,36,17.95,39.5,Halasur,0.4487892000254285,0.2790390715648382,0.447805157677442,0.2287680498742055,0.4879932415509932,0.38165015,0.38822737,0.38638988,1
node_mg_road_central_commercial_30,12.9746,77.6202,MG Road Central Commercial,3,Central Commercial Trunk Line,40.0,2400.0,2300.0,1.8,341,154.6,338.2,Halasur,0.4607326529042698,0.2755789324163334,0.476401232790693,0.2512164751850017,0.5000172240895949,0.39097565,0.39517933,0.4046089,1
node_mg_road_central_commercial_31,12.9754,77.62180000000001,MG Road Central Commercial,3,Central Commercial Trunk Line,40.0,2400.0,2300.0,1.8,351,156.79999999999998,355.0,Halasur,0.4783692877718354,0.2749884411668928,0.5117679340243594,0.277691542638482,0.5169904068287,0.40451866,0.41437706,0.40437442,1
node_mg_road_central_commercial_32,12.9762,77.6234,MG Road Central Commercial,3,Central Commercial Trunk Line,40.0,2400.0,2300.0,1.8,423,132.6,319.5,Pulikeshinagar(F.Town),0.5017475468302598,0.2775196025115028,0.553594074948008,0.307847736772121,0.5389051756886519,0.42181006,0.4293695,0.40774557,1
node_mg_road_central_commercial_33,12.977,77.625,MG Road Central Commercial,3,Central Commercial Trunk Line,40.0,2400.0,2300.0,1.8,627,208.1,507.0,Pulikeshinagar(F.Town),0.5303189886600128,0.2830985456745411,0.6009069334721622,0.3409737490982653,0.5652439505654582,0.44357666,0.44955772,0.4383785,1
node_mg_road_central_commercial_34,12.977125,77.627,MG Road Central Commercial,3,Central Commercial Trunk Line,40.0,2400.0,2300.0,1.8,113,50.95,112.0,Halasur,0.5677809672044816,0.2911337886660148,0.6622927376942292,0.3839869992487289,0.5998290658543257,0.46597907,0.47574127,0.4518712,-1
node_mg_road_central_commercial_35,12.97725,77.629,MG Road Central Commercial,3,Central Commercial Trunk Line,40.0,2400.0,2300.0,1.8,233,83.64999999999999,199.0,Halasur,0.6127537557759579,0.3045435400922884,0.7299427459693234,0.4295517991051887,0.6405624017638288,0.5060237,0.50534785,0.50056136,-1
node_mg_road_central_commercial_36,12.977375,77.631,MG Road Central Commercial,3,Central Commercial Trunk Line,40.0,2400.0,2300.0,1.8,79,34.8,78.5,Halasur,0.6611638363634789,0.3212022320587779,0.7991802949039802,0.4749922585393387,0.6839398153164937,0.53453344,0.53903854,0.520592,-1
node_mg_road_central_commercial_37,12.9775,77.63300000000001,MG Road Central Commercial,3,Central Commercial Trunk Line,40.0,2400.0,2300.0,1.8,0,0.0,0.0,Unknown,0.7085614364097726,0.3387870207681138,0.8649026562825927,0.5173948476042932,0.7261356147371014,0.5641291,0.57310724,0.5358231,-1
node_mg_road_central_commercial_38,12.977625,77.635,MG Road Central Commercial,3,Central Commercial Trunk Line,40.0,2400.0,2300.0,1.8,13,6.35,13.0,Jeevanbheemanagar,0.750501663173151,0.3549790054094306,0.922012695433172,0.553851047441898,0.763328989968172,0.5916439,0.5977917,0.5615443,-1
node_mg_road_central_commercial_39,12.97775,77.637,MG Road Central Commercial,3,Central Commercial Trunk Line,40.0,2400.0,2300.0,1.8,40,13.55,32.5,Jeevanbheemanagar,0.782932057484989,0.3676604847350347,0.9658701861082966,0.5817169996775946,0.792037729480161,0.61459285,0.61864674,0.5801282,-1
node_mg_road_central_commercial_40,12.977875,77.63900000000001,MG Road Central Commercial,3,Central Commercial Trunk Line,40.0,2400.0,2300.0,1.8,329,88.7,243.0,Jeevanbheemanagar,0.8025467280999562,0.3750897792583506,0.9927132699077096,0.5988601377275313,0.8094244441430803,0.62733597,0.6323216,0.58243966,-1
node_mg_road_central_commercial_41,12.978,77.641,MG Road Central Commercial,3,Central Commercial Trunk Line,40.0,2400.0,2300.0,1.8,762,282.75,651.3,Jeevanbheemanagar,0.8070680041941325,0.3760364456585679,1.0,0.6038618549385556,0.8135409994697347,0.6322677,0.63713896,0.5830915,-1
node_sarjapur_road_0,12.934,77.624,Sarjapur Road,2,Secondary Commercial Street,40.0,1600.0,1550.0,1.8,2935,946.6,2319.9,Adugodi,0.700705383705129,0.4632915481247012,0.9946239055739348,0.8013836425393897,0.8474209936454119,0.6589322,0.67093873,0.6077999,5
node_sarjapur_road_1,12.933076923076923,77.62592307692307,Sarjapur Road,2,Secondary Commercial Street,40.0,1600.0,1550.0,1.8,7,3.7,7.5,Adugodi,0.6918789084751165,0.4574655194612966,0.9821450091310449,0.7913675618697639,0.8383900208481725,0.6475262,0.66282046,0.5970088,5
node_sarjapur_road_2,12.932153846153843,77.62784615384615,Sarjapur Road,2,Secondary Commercial Street,40.0,1600.0,1550.0,1.8,1,0.5,1.0,Adugodi,0.666344119658678,0.4405929719218797,0.9459306250277486,0.762216124364664,0.8122115042612602,0.6305018,0.64655197,0.5818238,-1
node_sarjapur_road_3,12.931230769230767,77.62976923076923,Sarjapur Road,2,Secondary Commercial Street,40.0,1600.0,1550.0,1.8,223,71.25,166.5,Adugodi,0.625942792764411,0.413889991681638,0.8886001903353088,0.7160418957912718,0.7707761626456785,0.6007204,0.61526394,0.5660192,-1
node_sarjapur_road_4,12.930307692307691,77.6316923076923,Sarjapur Road,2,Secondary Commercial Street,40.0,1600.0,1550.0,1.8,343,122.6,275.4,Adugodi,0.5735015572764872,0.3792244038071194,0.8141695658590354,0.6560820082143247,0.7169846822664778,0.56016827,0.5723964,0.53614545,-1
node_sarjapur_road_5,12.929384615384617,77.63361538461538,Sarjapur Road,2,Secondary Commercial Street,40.0,1600.0,1550.0,1.8,102,39.85,92.3,Adugodi,0.512502777045935,0.3388981084490216,0.7275844468278568,0.5863225408481094,0.6544102886893384,0.5119177,0.524542,0.4880301,-1
node_sarjapur_road_6,12.92846153846154,77.63553846153846,Sarjapur Road,2,Secondary Commercial Street,40.0,1600.0,1550.0,1.8,131,62.45,137.5,Adugodi,0.4467022749759449,0.2953942527214934,0.6341781198408167,0.5110618101982207,0.5869067014004649,0.45673728,0.4703244,0.44021168,-1
node_sarjapur_road_7,12.92753846153846,77.63746153846154,Sarjapur Road,2,Secondary Commercial Street,40.0,1600.0,1550.0,1.8,3,2.2,5.5,Adugodi,0.3797515889736447,0.2511273780549869,0.5391354878965378,0.4344785952048095,0.5182206640605158,0.40757796,0.41922227,0.40437442,-1
node_sarjapur_road_8,12.926615384615385,77.63938461538461,Sarjapur Road,2,Secondary Commercial Street,40.0,1600.0,1550.0,1.8,4,1.65,3.5,Adugodi,0.3148763257529088,0.2082306449643594,0.4470366063756109,0.3602643431517344,0.4516619717976923,0.3560425,0.36177522,0.35574266,-1
node_sarjapur_road_9,12.925692307692309,77.64130769230769,Sarjapur Road,2,Secondary Commercial Street,40.0,1600.0,1550.0,1.8,25,12.7,29.0,Madiwala,0.2546472853322257,0.1684043945432489,0.3615318314888824,0.2913613720147199,0.3898686399698784,0.30851415,0.31410426,0.2785493,-1
node_sarjapur_road_10,12.92476923076923,77.64323076923077,Sarjapur Road,2,Secondary Commercial Street,40.0,1600.0,1550.0,1.8,3,0.4499999999999999,1.5,HSR Layout,0.2008614003364,0.1328373285806511,0.2851728134888515,0.2298266266729826,0.3346847199689563,0.26579127,0.26910648,0.19925284,-1
node_sarjapur_road_11,12.923846153846156,77.64515384615385,Sarjapur Road,2,Secondary Commercial Street,40.0,1600.0,1550.0,1.8,14,7.0,15.5,HSR Layout,0.1545297608677411,0.102198513836707,0.2193954886609329,0.1768179148150157,0.2871479775115496,0.22864239,0.22850493,0.1842573,-1
node_sarjapur_road_12,12.922923076923077,77.64707692307692,Sarjapur Road,2,Secondary Commercial Street,40.0,1600.0,1550.0,1.8,8,3.6,8.0,HSR Layout,0.1159540262250923,0.076687852710949,0.1646285443269799,0.1326812643713241,0.2475682597642996,0.19511373,0.19151834,0.15297097,-1
node_sarjapur_road_13,12.922,77.649,Sarjapur Road,2,Secondary Commercial Street,40.0,1600.0,1550.0,1.8,0,0.0,0.0,Unknown,0.0848628153984246,0.0561262378507758,0.120487038693775,0.097106921513021,0.2156674109529439,0.17195986,0.16896234,0.13695036,-1
node_sarjapur_road_14,12.9218,77.6511,Sarjapur Road,2,Secondary Commercial Street,40.0,1600.0,1550.0,1.8,0,0.0,0.0,Unknown,0.0620425813880977,0.0410305674880205,0.0880846792574842,0.070988395148118,0.1922498837958306,0.15289311,0.14764993,0.1264524,-1
node_sarjapur_road_15,12.9216,77.6532,Sarjapur Road,2,Secondary Commercial Street,40.0,1600.0,1550.0,1.8,0,0.0,0.0,Unknown,0.0442663315274967,0.0292721897476671,0.0628448561947972,0.0506442206090441,0.1740088856321595,0.13863552,0.13348474,0.1129395,-1
node_sarjapur_road_16,12.9214,77.6553,Sarjapur Road,2,Secondary Commercial Street,40.0,1600.0,1550.0,1.8,8,1.2,4.0,Bellandur,0.030822701861334,0.0203802858387692,0.0437572855832779,0.0352597262307031,0.1602142411155338,0.12729745,0.12197724,0.10740972,-1
node_sarjapur_road_17,12.9212,77.6574,Sarjapur Road,2,Secondary Commercial Street,40.0,1600.0,1550.0,1.8,1,0.15,0.5,Bellandur,0.0209451682852984,0.0138475817243674,0.029733391138869,0.023957173026731,0.1500791966443216,0.121712945,0.11631121,0.104694955,-1
node_sarjapur_road_18,12.921,77.65950000000001,Sarjapur Road,2,Secondary Commercial Street,40.0,1600.0,1550.0,1.8,0,0.0,0.0,Unknown,0.0138904275110982,0.0091822098492876,0.0197176083976145,0.0158854893712333,0.14284086258592,0.115486465,0.110811494,0.099820174,-1
node_sarjapur_road_19,12.9208,77.6616,Sarjapur Road,2,Secondary Commercial Street,40.0,1600.0,1550.0,1.8,27,6.95,18.5,Bellandur,0.0089901846345359,0.0059419704857937,0.0127609211050622,0.0102795511413376,0.1378133592313623,0.110557415,0.10581266,0.09500601,-1
node_sarjapur_road_20,12.9206,77.6637,Sarjapur Road,2,Secondary Commercial Street,40.0,1600.0,1550.0,1.8,14,4.0,10.2,Bellandur,0.0056786502663121,0.0037525180239087,0.0080599015212646,0.006491646974044,0.134416031211387,0.1089493,0.10389728,0.09341733,-1
node_sarjapur_road_21,12.9204,77.6658,Sarjapur Road,2,Secondary Commercial Street,40.0,1600.0,1550.0,1.8,203,70.75,172.0,Bellandur,0.0035006309141884,0.0023127052025882,0.0049681911608833,0.0040007230140218,0.1321817437711048,0.10717864,0.10183605,0.093160816,-1
node_sarjapur_road_22,12.9202,77.6679,Sarjapur Road,2,Secondary Commercial Street,40.0,1600.0,1550.0,1.8,89,32.05,80.7,Bellandur,0.0021060602610921,0.0013909558919029,0.0029887271564477,0.0024061047054844,0.1307512634478282,0.10652392,0.101454325,0.09155949,-1
node_sarjapur_road_23,12.92,77.67,Sarjapur Road,2,Secondary Commercial Street,40.0,1600.0,1550.0,1.8,0,0.0,0.0,Unknown,0.0012365493308964,0.0008163582289899,0.0017546361628328,0.0014120836914112,0.1298594486497603,0.106321275,0.10126411,0.09155949,0
node_sarjapur_road_24,12.9188,77.6716,Sarjapur Road,2,Secondary Commercial Street,40.0,1600.0,1550.0,1.8,50,21.2,48.0,Bellandur,0.0007440011951072,0.0004912197594921,0.0010558505131791,0.0008496985754439,0.1293545312532371,0.10584143,0.10059126,0.09155949,0
node_sarjapur_road_25,12.9176,77.6732,Sarjapur Road,2,Secondary Commercial Street,40.0,1600.0,1550.0,1.8,144,46.6,113.0,Bellandur,0.0004379348607734,0.0002891389333782,0.0006215678128997,0.0005001506350851,0.1290407405105454,0.10594152,0.10153312,0.09155949,0
node_sarjapur_road_26,12.9164,77.6748,Sarjapur Road,2,Secondary Commercial Street,40.0,1600.0,1550.0,1.8,1,0.5,1.0,Bellandur,0.000252184380584,0.0001664936140302,0.0003579666431865,0.0002880015032527,0.1288502914868919,0.10582364,0.10145752,0.09155949,6
node_sarjapur_road_27,12.9152,77.6764,Sarjapur Road,2,Secondary Commercial Street,40.0,1600.0,1550.0,1.8,5,1.45,3.5,Bellandur,0.0001420882741291,9.382403058090137e-05,0.0002017028816002,0.0001623006070285,0.1287374176936684,0.10579152,0.10140874,0.09155949,6
node_sarjapur_road_28,12.914,77.678,Sarjapur Road,2,Secondary Commercial Street,40.0,1600.0,1550.0,1.8,182,56.25,140.4,Bellandur,7.837516227123022e-05,5.181467813313492e-05,0.000111251931642,8.963978121773669e-05,0.1286721173298061,0.10591736,0.10145719,0.09155949,6
node_sarjapur_road_29,12.913333333333334,77.67966666666666,Sarjapur Road,2,Secondary Commercial Street,40.0,1600.0,1550.0,1.8,195,74.5,166.2,Bellandur,4.407078219567661e-05,2.917552356485932e-05,6.254837679674134e-05,5.047869083516856e-05,0.1286369461462702,0.10595788,0.101375796,0.09155949,6
node_sarjapur_road_30,12.912666666666668,77.68133333333334,Sarjapur Road,2,Secondary Commercial Street,40.0,1600.0,1550.0,1.8,555,188.7,448.1,Bellandur,2.436745979194046e-05,1.61851711574109e-05,3.4571428656679744e-05,2.8009830044548616e-05,0.1286167513803401,0.105883285,0.10144181,0.09155949,6
node_sarjapur_road_31,12.912,77.683,Sarjapur Road,2,Secondary Commercial Street,40.0,1600.0,1550.0,1.8,97,23.55,62.0,Bellandur,1.3262786796281672e-05,8.874306509337871e-06,1.8801204246989488e-05,1.5365997609481107e-05,0.1286053749462649,0.106085606,0.10144069,0.09155949,6
node_sarjapur_road_32,12.911333333333332,77.685,Sarjapur Road,2,Secondary Commercial Street,40.0,1600.0,1550.0,1.8,43,20.65,44.7,Bellandur,6.354515086522251e-06,4.313385771600706e-06,8.993384478676427e-06,7.47633806388528e-06,0.1285982911544231,0.10576989,0.10145162,0.09155949,-1
node_sarjapur_road_33,12.910666666666668,77.687,Sarjapur Road,2,Secondary Commercial Street,40.0,1600.0,1550.0,1.8,38,19.8,40.5,Bellandur,2.9758935896088885e-06,2.0752081144575376e-06,4.198549922961874e-06,3.6036905774421647e-06,0.128594822910514,0.10580738,0.101454414,0.09155949,-1
node_sarjapur_road_34,12.91,77.689,Sarjapur Road,2,Secondary Commercial Street,40.0,1600.0,1550.0,1.8,10,5.8,12.0,Bellandur,1.3524793252309398e-06,9.870480130673896e-07,1.897717788895176e-06,1.7192542643629594e-06,0.128593150061868,0.10580632,0.101453654,0.09155949,-1
node_sarjapur_road_35,12.909333333333333,77.691,Sarjapur Road,2,Secondary Commercial Street,40.0,1600.0,1550.0,1.8,12,6.0,12.5,Bellandur,5.766579675350216e-07,4.499908534531572e-07,8.022328983199446e-07,7.870592044850645e-07,0.1285923420825445,0.1057933,0.10144901,0.09155949,-1
node_sarjapur_road_36,12.908666666666669,77.693,Sarjapur Road,2,Secondary Commercial Street,40.0,1600.0,1550.0,1.8,8,3.65,7.5,Bellandur,1.979743752392065e-07,1.679583529338815e-07,2.7224366020562815e-07,2.951469231628985e-07,0.1285919377337508,0.10592447,0.10131376,0.09155949,-1
node_sarjapur_road_37,12.908,77.695,Sarjapur Road,2,Secondary Commercial Street,40.0,1600.0,1550.0,1.8,500,176.79999999999998,420.4,Bellandur,0.0,0.0,0.0,0.0,0.1285917160614781,0.105879076,0.101456076,0.09155949,-1
node_whitefield_itpl_road_0,12.989,77.696,Whitefield ITPL Road,3,Secondary Commercial Street,50.0,3000.0,2900.0,3.0,0,0.0,0.0,Unknown,0.0001978584457842,0.0001170842715176,0.0002430501982902,0.0002177917933273,0.1097111075447681,0.09117405,0.08408024,0.082996145,-1
node_whitefield_itpl_road_1,12.9891,77.698,Whitefield ITPL Road,3,Secondary Commercial Street,50.0,3000.0,2900.0,3.0,70,27.4,67.5,Mahadevapura,0.0001749434733806,0.0001263834699064,0.0002124406992795,0.0002544100697238,0.1097036192750482,0.09155064,0.08518275,0.082996145,-1
node_whitefield_itpl_road_2,12.9892,77.7,Whitefield ITPL Road,3,Secondary Commercial Street,50.0,3000.0,2900.0,3.0,43,16.85,39.5,Mahadevapura,0.0002108756177554,0.0001764953600753,0.0002534961945352,0.0003718918257778,0.1097559900862078,0.094272494,0.08989385,0.082996145,-1
node_whitefield_itpl_road_3,12.9893,77.702,Whitefield ITPL Road,3,Secondary Commercial Street,50.0,3000.0,2900.0,3.0,20,8.05,17.0,Mahadevapura,0.000309936243256,0.0002773217542441,0.0003706866822047,0.0005948625380671,0.1098769287132535,0.09417315,0.08991639,0.082996145,-1
node_whitefield_itpl_road_4,12.9894,77.704,Whitefield ITPL Road,3,Secondary Commercial Street,50.0,3000.0,2900.0,3.0,28,12.05,27.0,Mahadevapura,0.0004898197290554,0.0004487242599926,0.0005847462121324,0.0009681560915824,0.1100892003991216,0.09418898,0.08995491,0.082996145,-1
node_whitefield_itpl_road_5,12.9895,77.70599999999999,Whitefield ITPL Road,3,Secondary Commercial Street,50.0,3000.0,2900.0,3.0,36,12.3,29.7,K.R. Pura,0.000782228812388,0.0007220465063694,0.0009332788636068,0.0015606319810766,0.1104309291562794,0.09437634,0.09001614,0.082996145,-1
node_whitefield_itpl_road_6,12.9896,77.708,Whitefield ITPL Road,3,Secondary Commercial Street,50.0,3000.0,2900.0,3.0,116,59.75,123.5,Mahadevapura,0.0012345162250208,0.0011422493200873,0.0014726510095752,0.0024701255812156,0.1109578935405187,0.094380796,0.090110965,0.082996145,-1
node_whitefield_itpl_road_7,12.9897,77.71,Whitefield ITPL Road,3,Secondary Commercial Street,50.0,3000.0,2900.0,3.0,134,65.15,149.7,K.R. Pura,0.0019118006334541,0.0017702471092266,0.0022804749034857,0.0038287048208737,0.1117462246618997,0.09463637,0.090254076,0.082996145,-1
node_whitefield_itpl_road_8,12.9898,77.71199999999999,Whitefield ITPL Road,3,Secondary Commercial Street,50.0,3000.0,2900.0,3.0,67,23.45,57.0,Mahadevapura,0.0028988647801716,0.0026848894519903,0.0034578488903446,0.0058070767466359,0.1128947546971098,0.094853304,0.090457946,0.083476625,-1
node_whitefield_itpl_road_9,12.9899,77.714,Whitefield ITPL Road,3,Secondary Commercial Street,50.0,3000.0,2900.0,3.0,30,13.1,31.5,Mahadevapura,0.0043010049492424,0.0039838764686787,0.0051303568922194,0.0086166367870951,0.1145260858445208,0.09531805,0.09075807,0.084419884,-1
node_whitefield_itpl_road_10,12.99,77.716,Whitefield ITPL Road,3,Secondary Commercial Street,50.0,3000.0,2900.0,3.0,284,90.45,221.7,K.R. Pura,0.0062428869011118,0.0057827708076726,0.0074466960247676,0.0125073706559977,0.116785304396931,0.09653653,0.091253355,0.08624563,-1
node_whitefield_itpl_road_11,12.988894736842106,77.7177894736842,Whitefield ITPL Road,3,Secondary Commercial Street,50.0,3000.0,2900.0,3.0,11,4.95,10.5,Mahadevapura,0.0097817770284622,0.0090609900059538,0.0116680074329258,0.019597609740356,0.1209024529677409,0.098304056,0.09246409,0.086805046,-1
node_whitefield_itpl_road_12,12.987789473684211,77.71957894736842,Whitefield ITPL Road,3,Secondary Commercial Street,50.0,3000.0,2900.0,3.0,37,9.0,25.0,Mahadevapura,0.0149591232648815,0.0138569554715459,0.0178437288134396,0.0299704674317367,0.1269257687608227,0.10402922,0.09900678,0.090241134,-1
node_whitefield_itpl_road_13,12.986684210526317,77.72136842105263,Whitefield ITPL Road,3,Secondary Commercial Street,50.0,3000.0,2900.0,3.0,5,4.0,9.0,HAL Old Airport,0.0223280389141917,0.0206830403660123,0.0266336328088047,0.0447341219320566,0.1354987453937282,0.1101578,0.105195254,0.09500601,-1
node_whitefield_itpl_road_14,12.98557894736842,77.72315789473684,Whitefield ITPL Road,3,Secondary Commercial Street,50.0,3000.0,2900.0,3.0,12,6.2,12.5,Mahadevapura,0.0325275705824022,0.030131218386479,0.0387999966205194,0.0651689124425844,0.1473648494897207,0.118864894,0.11429822,0.10108021,-1
node_whitefield_itpl_road_15,12.984473684210526,77.72494736842104,Whitefield ITPL Road,3,Secondary Commercial Street,50.0,3000.0,2900.0,3.0,12,5.45,12.0,Mahadevapura,0.0462497934513247,0.042842584030126,0.0551683519697748,0.0926614172839019,0.1633292400771715,0.13103795,0.12616123,0.10871049,-1
node_whitefield_itpl_road_16,12.983368421052631,77.72673684210525,Whitefield ITPL Road,3,Secondary Commercial Street,50.0,3000.0,2900.0,3.0,31,11.35,27.5,Mahadevapura,0.064183805085319,0.0594554727598217,0.0765606788518991,0.1285922470446203,0.1841936115532196,0.14676252,0.14146464,0.12094329,-1
node_whitefield_itpl_road_17,12.982263157894735,77.72852631578947,Whitefield ITPL Road,3,Secondary Commercial Street,50.0,3000.0,2900.0,3.0,38,14.5,33.0,Whitefield,0.0869358416654633,0.0805314622955513,0.10370011730112,0.1741759982564136,0.2106632573919956,0.16934279,0.1647852,0.13695036,-1
node_whitefield_itpl_road_18,12.981157894736842,77.73031578947368,Whitefield ITPL Road,3,Secondary Commercial Street,50.0,3000.0,2900.0,3.0,481,75.95,248.5,Mahadevapura,0.1149291422505686,0.1064626136533483,0.1370915218983195,0.2302606317749445,0.2432305726739879,0.1952341,0.1918171,0.15294254,-1
node_whitefield_itpl_road_19,12.980052631578948,77.73210526315789,Whitefield ITPL Road,3,Secondary Commercial Street,50.0,3000.0,2900.0,3.0,116,20.5,66.0,Whitefield,0.1482925967102414,0.1373683220252586,0.1768886370536249,0.2971043789795633,0.2820455075186752,0.22217046,0.22098821,0.17648023,-1
node_whitefield_itpl_road_20,12.978947368421052,77.7338947368421,Whitefield ITPL Road,3,Secondary Commercial Street,50.0,3000.0,2900.0,3.0,12,2.85,7.5,Mahadevapura,0.1867526801316434,0.1729952119815314,0.2227651925171599,0.3741592322924961,0.3267898439581697,0.2580893,0.25943038,0.19914398,-1
node_whitefield_itpl_road_21,12.977842105263155,77.73568421052632,Whitefield ITPL Road,3,Secondary Commercial Street,50.0,3000.0,2900.0,3.0,4,2.2,4.5,Whitefield,0.2295473736053791,0.2126373993800528,0.2738122250277676,0.4598984853783458,0.3765770516759525,0.29798257,0.30061823,0.26602328,-1
node_whitefield_itpl_road_22,12.976736842105264,77.73747368421053,Whitefield ITPL Road,3,Secondary Commercial Street,50.0,3000.0,2900.0,3.0,27,12.65,26.7,Mahadevapura,0.2753822558878064,0.2550958175859044,0.3284857028846033,0.5517287627395501,0.4299012051976638,0.33714953,0.33982897,0.33061293,-1
node_whitefield_itpl_road_23,12.975631578947368,77.73926315789474,Whitefield ITPL Road,3,Secondary Commercial Street,50.0,3000.0,2900.0,3.0,282,82.15,206.0,Whitefield,0.3224465523774881,0.2986930841933343,0.3846256697363844,0.6460221738900103,0.4846556552223762,0.3796537,0.3860458,0.38726833,-1
node_whitefield_itpl_road_24,12.974526315789474,77.74105263157895,Whitefield ITPL Road,3,Secondary Commercial Street,50.0,3000.0,2900.0,3.0,98,39.25,83.5,Whitefield,0.3685001716055835,0.3413541259049146,0.4395600648025511,0.7382906911439215,0.5382342865953569,0.4209951,0.42930454,0.40774557,-1
node_whitefield_itpl_road_25,12.97342105263158,77.74284210526315,Whitefield ITPL Road,3,Secondary Commercial Street,50.0,3000.0,2900.0,3.0,7,2.8,6.0,Mahadevapura,0.4110321871015244,0.3807529857023424,0.4902937656794392,0.823503668350888,0.5877158955978775,0.4573678,0.4687132,0.44021168,-1
node_whitefield_itpl_road_26,12.972315789473685,77.74463157894736,Whitefield ITPL Road,3,Secondary Commercial Street,50.0,3000.0,2900.0,3.0,76,30.6,75.5,Whitefield,0.4474784820186307,0.414514434503333,0.5337682025909083,0.8965238923355933,0.6301173969997422,0.49230638,0.49929148,0.4821115,-1
node_whitefield_itpl_road_27,12.971210526315788,77.74642105263158,Whitefield ITPL Road,3,Secondary Commercial Street,50.0,3000.0,2900.0,3.0,39,18.95,39.5,Whitefield,0.4754738875762099,0.4404475356194654,0.5671621180902006,0.952612742766138,0.6626871611059255,0.5139304,0.521363,0.4880301,-1
node_whitefield_itpl_road_28,12.970105263157894,77.74821052631579,Whitefield ITPL Road,3,Secondary Commercial Street,50.0,3000.0,2900.0,3.0,17,8.5,17.0,Whitefield,0.4931049691265248,0.456779809130932,0.5881930992717886,0.987936649539686,0.6831991042477885,0.5298811,0.5381665,0.5017241,-1
node_whitefield_itpl_road_29,12.969,77.75,Whitefield ITPL Road,3,Secondary Commercial Street,50.0,3000.0,2900.0,3.0,71,30.85,66.0,Whitefield,0.4991261014157718,0.4623573897867793,0.5953753200281066,0.999999999995504,0.6902040700415327,0.53294384,0.54147446,0.5017241,-1
node_whitefield_itpl_road_30,12.967,77.74957142857143,Whitefield ITPL Road,3,Secondary Commercial Street,50.0,3000.0,2900.0,3.0,27,12.25,26.0,Whitefield,0.4934299566150231,0.4570808561503605,0.5885807559073357,0.9885877626159708,0.6835771936387831,0.5293417,0.53730416,0.5017241,-1
node_whitefield_itpl_road_31,12.965,77.74914285714286,Whitefield ITPL Road,3,Secondary Commercial Street,50.0,3000.0,2900.0,3.0,21,9.45,19.5,Whitefield,0.4767285972913018,0.441609816117469,0.5686587804663072,0.9551265561631216,0.6641468863225681,0.51563954,0.52376854,0.4880301,-1
node_whitefield_itpl_road_32,12.963,77.74871428571429,Whitefield ITPL Road,3,Secondary Commercial Street,50.0,3000.0,2900.0,3.0,4,1.8,4.0,Whitefield,0.4501397409942921,0.4169796496605643,0.5369426469536466,0.9018557299594288,0.6332134970682097,0.4987076,0.502308,0.48431385,-1
node_whitefield_itpl_road_33,12.961,77.74828571428571,Whitefield ITPL Road,3,Secondary Commercial Street,50.0,3000.0,2900.0,3.0,19,7.5,17.0,Whitefield,0.4153880196596979,0.3847879422936219,0.4954895576845632,0.8322305875006868,0.5927834570810107,0.459933,0.47005996,0.44675216,-1
node_whitefield_itpl_road_34,12.959,77.74785714285714,Whitefield ITPL Road,3,Secondary Commercial Street,50.0,3000.0,2900.0,3.0,16,6.9,15.0,Whitefield,0.3746200618131312,0.3470231893966748,0.4468600875164292,0.7505519032855953,0.5453541470314865,0.4251076,0.43493336,0.40774557,-1
node_whitefield_itpl_road_35,12.957,77.74742857142857,Whitefield ITPL Road,3,Secondary Commercial Street,50.0,3000.0,2900.0,3.0,38,19.7,42.7,Whitefield,0.3301859162008912,0.3058623214535551,0.3938574581811725,0.6615280046275175,0.4936596060157139,0.38868755,0.39640242,0.38786644,-1
node_whitefield_itpl_road_36,12.955,77.747,Whitefield ITPL Road,3,Secondary Commercial Street,50.0,3000.0,2900.0,3.0,295,139.55,328.1,Whitefield,0.2844176215098968,0.263465585614465,0.3392634083713042,0.5698311356502116,0.4404129202850483,0.35248685,0.367288,0.33061293,-1
node_koramangala_inner_ring_road_0,12.962,77.638,Koramangala Inner Ring Road,2,Secondary Commercial Street,45.0,1600.0,1550.0,1.8,0,0.0,0.0,Unknown,0.4371053058313326,0.2128835026721023,0.5499379338961309,0.3454703747916777,0.5170680648818419,0.4035004,0.41046998,0.40437442,-1
node_koramangala_inner_ring_road_1,12.959916666666668,77.63741666666667,Koramangala Inner Ring Road,2,Secondary Commercial Street,45.0,1600.0,1550.0,1.8,104,46.15,101.0,Halasur,0.3849898978235695,0.1925836898648906,0.4889661777633697,0.3144308552289242,0.4747081689195912,0.37243435,0.37778816,0.38168716,-1
node_koramangala_inner_ring_road_2,12.957833333333332,77.63683333333334,Koramangala Inner Ring Road,2,Secondary Commercial Street,45.0,1600.0,1550.0,1.8,25,14.55,33.0,Jeevanbheemanagar,0.3457104965588322,0.1794253986225796,0.4450112672385404,0.2954038911125742,0.4444738924720537,0.35077125,0.36000702,0.3437062,-1
node_koramangala_inner_ring_road_3,12.95575,77.63625,Koramangala Inner Ring Road,2,Secondary Commercial Street,45.0,1600.0,1550.0,1.8,18,7.45,18.5,Halasur,0.3215814883903455,0.1746352711074108,0.4210713335661769,0.2904120995357821,0.4284981650381986,0.33894342,0.34568337,0.33016786,-1
node_koramangala_inner_ring_road_4,12.953666666666669,77.63566666666667,Koramangala Inner Ring Road,2,Secondary Commercial Street,45.0,1600.0,1550.0,1.8,24,12.4,28.5,Jeevanbheemanagar,0.3136862932775666,0.1788027575481951,0.4185590083860352,0.3004260545907082,0.4277894959619245,0.3373838,0.34263644,0.33016786,-1
node_koramangala_inner_ring_road_5,12.951583333333334,77.63508333333334,Koramangala Inner Ring Road,2,Secondary Commercial Street,45.0,1600.0,1550.0,1.8,22,9.5,20.0,Ashok Nagar,0.3218567768435419,0.1918379675591698,0.4372470449087137,0.3252846880086218,0.4421888893494945,0.34969223,0.35879856,0.3437062,-1
node_koramangala_inner_ring_road_6,12.9495,77.6345,Koramangala Inner Ring Road,2,Secondary Commercial Street,45.0,1600.0,1550.0,1.8,7,1.6,4.5,Ashok Nagar,0.3447203891874493,0.2129646298484504,0.4753008751188071,0.3636731801193912,0.4703885282246572,0.37123764,0.38001537,0.37430626,-1
node_koramangala_inner_ring_road_7,12.947416666666664,77.63391666666666,Koramangala Inner Ring Road,2,Secondary Commercial Street,45.0,1600.0,1550.0,1.8,12,6.25,16.0,Ashok Nagar,0.3798082903671712,0.2407510654693149,0.5293952569786781,0.4131654267456409,0.5100110710396636,0.40068477,0.41195607,0.40260744,-1
node_koramangala_inner_ring_road_8,12.945333333333332,77.63333333333334,Koramangala Inner Ring Road,2,Secondary Commercial Street,45.0,1600.0,1550.0,1.8,11,5.55,11.5,Ashok Nagar,0.4237246585745187,0.2731851631928645,0.5949207044168449,0.4703431745122842,0.5577543696369764,0.43484378,0.44902343,0.4151255,-1
node_koramangala_inner_ring_road_9,12.94325,77.63275,Koramangala Inner Ring Road,2,Secondary Commercial Street,45.0,1600.0,1550.0,1.8,3,2.4,6.0,Ashok Nagar,0.4723805432995686,0.3077993261793105,0.6662879956096541,0.5310033460111278,0.609608028157401,0.474002,0.4886226,0.45513573,-1
node_koramangala_inner_ring_road_10,12.941166666666666,77.63216666666666,Koramangala Inner Ring Road,2,Secondary Commercial Street,45.0,1600.0,1550.0,1.8,3,1.5,3.0,Adugodi,0.5212922127557342,0.3418469452362208,0.7373322488490328,0.5904568491208702,0.6611430370448024,0.51529956,0.5286341,0.4880301,-1
node_koramangala_inner_ring_road_11,12.939083333333333,77.63158333333334,Koramangala Inner Ring Road,2,Secondary Commercial Street,45.0,1600.0,1550.0,1.8,18,9.2,20.0,Ashok Nagar,0.5659337847883908,0.3725234523399591,0.8018019889743223,0.643906937115989,0.7078638919972448,0.5480728,0.56565475,0.50926876,-1
node_koramangala_inner_ring_road_12,12.937,77.631,Koramangala Inner Ring Road,2,Secondary Commercial Street,45.0,1600.0,1550.0,1.8,0,0.0,0.0,Unknown,0.602119616655414,0.3972143503962855,0.8538971897261255,0.6868763738836673,0.7455969783120237,0.58010733,0.5951052,0.5451609,5
node_koramangala_inner_ring_road_13,12.93625,77.62925,Koramangala Inner Ring Road,2,Secondary Commercial Street,45.0,1600.0,1550.0,1.8,40,20.0,43.0,Adugodi,0.6436509577521674,0.4249827556037188,0.9131232774972118,0.7349841154992236,0.7884409046165165,0.61167204,0.6272538,0.5742276,5
node_koramangala_inner_ring_road_14,12.9355,77.6275,Koramangala Inner Ring Road,2,Secondary Commercial Street,45.0,1600.0,1550.0,1.8,156,38.2,101.5,Adugodi,0.6750676107633778,0.4460030779757249,0.9579373115352552,0.7714031740488533,0.8208614539183302,0.63544273,0.65153587,0.5830915,5
node_koramangala_inner_ring_road_15,12.93475,77.62575,Koramangala Inner Ring Road,2,Secondary Commercial Street,45.0,1600.0,1550.0,1.8,96,34.65,79.5,Adugodi,0.6944923564794666,0.4590393644032612,0.985679390241357,0.7939970646112539,0.8409369260181477,0.64993954,0.66531825,0.6003964,5
node_koramangala_inner_ring_road_16,12.934,77.624,Koramangala Inner Ring Road,2,Secondary Commercial Street,45.0,1600.0,1550.0,1.8,0,0.0,0.0,Unknown,0.700705383705129,0.4632915481247012,0.9946239055739348,0.8013836425393897,0.8474209936454119,0.6573224,0.67121553,0.6077999,5
